CustomerId,PurchaseDate,Product,Price
7,2022-09-26,Laptop,1393$
23,2022-09-26,Microwave oven,322
37,2022-09-26,coffee machine,4436
39,2022-09-26,Microwave oven,264$
112,2022-09-26,Vacuum cleaner,265
123,2022-09-26,Phone,293
142,2022-09-26,Phone,1300$
149,2022-09-26,Phone,643
151,2022-09-26,Laptop,1340
160,2022-09-26,Vacuum cleaner,798
177,2022-09-26,coffee machine,1327
180,2022-09-26,Laptop,2558
190,2022-09-26,Phone,453
211,2022-09-26,Phone,1339
269,2022-09-26,Microwave oven,217
293,2022-09-26,coffee machine,4717$
302,2022-09-26,Phone,980
337,2022-09-26,Phone,1470$
341,2022-09-26,coffee machine,646$
341,2022-09-26,Vacuum cleaner,153
343,2022-09-26,TV,1136$
356,2022-09-26,Vacuum cleaner,660$
428,2022-09-26,Laptop,2052
453,2022-09-26,Phone,840
491,2022-09-26,coffee machine,1588
528,2022-09-26,coffee machine,1885
548,2022-09-26,TV,2252
584,2022-09-26,TV,1695
607,2022-09-26,TV,1602
638,2022-09-26,Vacuum cleaner,401
683,2022-09-26,Vacuum cleaner,671
691,2022-09-26,Phone,493
716,2022-09-26,Phone,1071
723,2022-09-26,TV,2405
725,2022-09-26,coffee machine,1487
744,2022-09-26,coffee machine,1230
753,2022-09-26,Vacuum cleaner,631
769,2022-09-26,Phone,810
778,2022-09-26,coffee machine,4634$
794,2022-09-26,Phone,238
834,2022-09-26,coffee machine,208
876,2022-09-26,TV,1440
883,2022-09-26,Phone,1210
885,2022-09-26,Laptop,3399$
920,2022-09-26,Microwave oven,417
924,2022-09-26,Vacuum cleaner,622$
932,2022-09-26,TV,2358$
956,2022-09-26,Laptop,2631
973,2022-09-26,Vacuum cleaner,550$
1005,2022-09-26,Phone,1110
1007,2022-09-26,Vacuum cleaner,750
1009,2022-09-26,Laptop,2150
1016,2022-09-26,coffee machine,1122
1020,2022-09-26,TV,1556$
1027,2022-09-26,TV,1317
1124,2022-09-26,Microwave oven,520
1124,2022-09-26,Vacuum cleaner,302$
1132,2022-09-26,TV,2021
1149,2022-09-26,TV,1490
1164,2022-09-26,Laptop,3120
1179,2022-09-26,Laptop,1848
1183,2022-09-26,TV,2420
1185,2022-09-26,Vacuum cleaner,653
1186,2022-09-26,Phone,528
1200,2022-09-26,Laptop,910
1208,2022-09-26,Phone,327$
1285,2022-09-26,Phone,305
1299,2022-09-26,Laptop,692
1340,2022-09-26,Microwave oven,558
1354,2022-09-26,Laptop,2166
1381,2022-09-26,Vacuum cleaner,469
1387,2022-09-26,coffee machine,759
1399,2022-09-26,Laptop,1444$
1409,2022-09-26,Vacuum cleaner,221
1413,2022-09-26,Vacuum cleaner,207$
1418,2022-09-26,Laptop,1022
1418,2022-09-26,Microwave oven,158
1432,2022-09-26,TV,2249$
1477,2022-09-26,Vacuum cleaner,255
1513,2022-09-26,TV,865$
1520,2022-09-26,Microwave oven,359
1525,2022-09-26,Laptop,2374
1542,2022-09-26,Microwave oven,512
1577,2022-09-26,TV,828
1580,2022-09-26,Laptop,3482
1597,2022-09-26,Phone,1181
1648,2022-09-26,Laptop,1748
1656,2022-09-26,coffee machine,3212
1661,2022-09-26,Phone,1055$
1665,2022-09-26,Microwave oven,479
1680,2022-09-26,coffee machine,2028
1710,2022-09-26,Microwave oven,184
1729,2022-09-26,TV,805
1735,2022-09-26,Phone,478
1741,2022-09-26,Microwave oven,382
1745,2022-09-26,TV,1367
1746,2022-09-26,TV,1817
1756,2022-09-26,TV,955
1758,2022-09-26,coffee machine,507
1810,2022-09-26,Laptop,1236
1813,2022-09-26,TV,2197
1827,2022-09-26,Microwave oven,546
1876,2022-09-26,Phone,685$
1884,2022-09-26,Vacuum cleaner,391
1905,2022-09-26,coffee machine,1180
1929,2022-09-26,TV,1892
1929,2022-09-26,Laptop,3257$
1932,2022-09-26,Laptop,1826
1940,2022-09-26,Laptop,3271$
1942,2022-09-26,Laptop,580
1944,2022-09-26,TV,614
1984,2022-09-26,Phone,364
1988,2022-09-26,Microwave oven,495
1993,2022-09-26,Laptop,3422
1994,2022-09-26,TV,1795
1996,2022-09-26,Vacuum cleaner,261
2022,2022-09-26,Phone,1463
2040,2022-09-26,Microwave oven,486
2048,2022-09-26,TV,1499
2049,2022-09-26,coffee machine,3593
2060,2022-09-26,Laptop,2193
2084,2022-09-26,Microwave oven,159
2143,2022-09-26,Vacuum cleaner,116$
2166,2022-09-26,Phone,830
2168,2022-09-26,Vacuum cleaner,227
2180,2022-09-26,Laptop,1726
2199,2022-09-26,Laptop,2208$
2202,2022-09-26,Laptop,1692$
2236,2022-09-26,Microwave oven,597
2248,2022-09-26,Phone,1147
2287,2022-09-26,coffee machine,1625
2321,2022-09-26,Vacuum cleaner,569
2324,2022-09-26,Microwave oven,120
2332,2022-09-26,Laptop,521
2337,2022-09-26,coffee machine,846
2365,2022-09-26,Laptop,3313
2412,2022-09-26,Laptop,2560
2435,2022-09-26,TV,1423$
2439,2022-09-26,Phone,1024
2443,2022-09-26,coffee machine,3018
2453,2022-09-26,Laptop,3247
2453,2022-09-26,Laptop,2771
2525,2022-09-26,Vacuum cleaner,433
2605,2022-09-26,Vacuum cleaner,242$
2611,2022-09-26,Phone,420
2689,2022-09-26,Laptop,3047
2706,2022-09-26,Vacuum cleaner,612
2706,2022-09-26,Phone,176
2719,2022-09-26,TV,1822
2739,2022-09-26,Laptop,2701
2741,2022-09-26,Microwave oven,194
2765,2022-09-26,Laptop,2335
2778,2022-09-26,Phone,1476
2799,2022-09-26,Laptop,1435
2839,2022-09-26,coffee machine,2417
2857,2022-09-26,Phone,815$
2873,2022-09-26,Microwave oven,221
2893,2022-09-26,TV,1804
2895,2022-09-26,TV,1659
2964,2022-09-26,Microwave oven,356
3010,2022-09-26,Phone,819
3014,2022-09-26,coffee machine,1846
3041,2022-09-26,Laptop,1689
3042,2022-09-26,TV,2333
3069,2022-09-26,Laptop,2920
3071,2022-09-26,Phone,1169
3071,2022-09-26,Laptop,1295
3088,2022-09-26,Phone,526
3169,2022-09-26,Vacuum cleaner,484
3186,2022-09-26,Phone,783$
3226,2022-09-26,coffee machine,829$
3246,2022-09-26,Phone,1151
3263,2022-09-26,coffee machine,3834
3299,2022-09-26,coffee machine,4533
3307,2022-09-26,Phone,926$
3307,2022-09-26,Microwave oven,551
3308,2022-09-26,Microwave oven,238
3324,2022-09-26,Phone,750
3361,2022-09-26,Microwave oven,383
3362,2022-09-26,Laptop,2348
3377,2022-09-26,Vacuum cleaner,132
3381,2022-09-26,Phone,271
3383,2022-09-26,Microwave oven,381
3388,2022-09-26,Phone,700$
3403,2022-09-26,Phone,1326
3426,2022-09-26,Vacuum cleaner,500
3428,2022-09-26,TV,1785
3432,2022-09-26,Phone,301
3444,2022-09-26,Laptop,2052
3468,2022-09-26,coffee machine,4653
3496,2022-09-26,coffee machine,1262
3502,2022-09-26,Phone,434
3502,2022-09-26,TV,1916
3517,2022-09-26,Microwave oven,437$
3524,2022-09-26,Laptop,2370
3542,2022-09-26,Vacuum cleaner,164
3569,2022-09-26,Laptop,3248
3692,2022-09-26,Phone,878
3717,2022-09-26,TV,2105
3719,2022-09-26,Vacuum cleaner,421
3748,2022-09-26,Vacuum cleaner,146$
3749,2022-09-26,Microwave oven,172
3877,2022-09-26,Microwave oven,347
3886,2022-09-26,TV,1491
3902,2022-09-26,Laptop,2050$
3910,2022-09-26,Vacuum cleaner,253
3913,2022-09-26,Laptop,2490
3923,2022-09-26,Microwave oven,514$
3923,2022-09-26,Vacuum cleaner,637
3937,2022-09-26,Microwave oven,476
3942,2022-09-26,Laptop,559$
3962,2022-09-26,TV,2219$
3978,2022-09-26,Phone,170
3985,2022-09-26,TV,2258
3991,2022-09-26,Laptop,3346
4019,2022-09-26,TV,1316
4020,2022-09-26,Phone,1183
4049,2022-09-26,Microwave oven,399
4053,2022-09-26,Microwave oven,121$
4081,2022-09-26,TV,614$
4092,2022-09-26,Laptop,772
4097,2022-09-26,TV,584$
4137,2022-09-26,coffee machine,1011
4152,2022-09-26,Laptop,1409
4171,2022-09-26,Microwave oven,100
4177,2022-09-26,TV,1223
4179,2022-09-26,Microwave oven,132
4202,2022-09-26,coffee machine,4683
4259,2022-09-26,Microwave oven,538
4280,2022-09-26,Vacuum cleaner,746
4325,2022-09-26,TV,2253
4338,2022-09-26,coffee machine,3409
4344,2022-09-26,Phone,958$
4360,2022-09-26,Vacuum cleaner,178
4364,2022-09-26,Vacuum cleaner,533$
4368,2022-09-26,Microwave oven,500
4386,2022-09-26,TV,2198
4395,2022-09-26,Laptop,689
4398,2022-09-26,Microwave oven,481
4404,2022-09-26,Microwave oven,212
4413,2022-09-26,coffee machine,1468$
4422,2022-09-26,coffee machine,3530$
4447,2022-09-26,TV,991
4468,2022-09-26,TV,2130$
4494,2022-09-26,coffee machine,321
4517,2022-09-26,coffee machine,1636
4547,2022-09-26,Microwave oven,528
4567,2022-09-26,Phone,824
4572,2022-09-26,Laptop,1347$
4609,2022-09-26,Microwave oven,262
4623,2022-09-26,Phone,914
4707,2022-09-26,Vacuum cleaner,414
4725,2022-09-26,Phone,1281
4732,2022-09-26,Laptop,3452
4822,2022-09-26,Microwave oven,315
4835,2022-09-26,Phone,739
4848,2022-09-26,coffee machine,2798
4859,2022-09-26,TV,913
4879,2022-09-26,Microwave oven,157$
4921,2022-09-26,coffee machine,3973$
4931,2022-09-26,Laptop,3170
4939,2022-09-26,Phone,622$
4999,2022-09-26,Phone,218
5009,2022-09-26,TV,1901
5037,2022-09-26,TV,1696
5058,2022-09-26,Vacuum cleaner,395
5076,2022-09-26,Laptop,2319
5095,2022-09-26,Microwave oven,304$
5095,2022-09-26,Phone,290
5097,2022-09-26,Phone,1375
5099,2022-09-26,Vacuum cleaner,325
5110,2022-09-26,Phone,1394
5128,2022-09-26,TV,711$
5139,2022-09-26,Phone,1051$
5147,2022-09-26,Phone,774
5158,2022-09-26,Microwave oven,381
5168,2022-09-26,Phone,489
5172,2022-09-26,Phone,1269
5176,2022-09-26,Laptop,3055
5182,2022-09-26,coffee machine,4534
5186,2022-09-26,TV,1744
5200,2022-09-26,coffee machine,4958
5211,2022-09-26,Vacuum cleaner,190
5259,2022-09-26,Phone,956
5307,2022-09-26,Vacuum cleaner,426$
5350,2022-09-26,TV,1990
5362,2022-09-26,Vacuum cleaner,85
5366,2022-09-26,Microwave oven,497$
5367,2022-09-26,Laptop,1396
5397,2022-09-26,Microwave oven,171$
5425,2022-09-26,Microwave oven,377
5431,2022-09-26,Phone,496
5439,2022-09-26,Phone,884
5494,2022-09-26,Vacuum cleaner,466
5526,2022-09-26,TV,1329
5532,2022-09-26,Microwave oven,329
5580,2022-09-26,Vacuum cleaner,187
5597,2022-09-26,Vacuum cleaner,571
5599,2022-09-26,Microwave oven,262
5633,2022-09-26,Laptop,2151
5663,2022-09-26,Phone,989
5666,2022-09-26,TV,1111
5689,2022-09-26,Phone,420
5691,2022-09-26,TV,1020
5697,2022-09-26,coffee machine,3676
5708,2022-09-26,coffee machine,4034
5714,2022-09-26,Vacuum cleaner,110
5723,2022-09-26,Microwave oven,188
5750,2022-09-26,Phone,681
5755,2022-09-26,coffee machine,1094
5758,2022-09-26,Vacuum cleaner,276
5787,2022-09-26,Vacuum cleaner,600
5788,2022-09-26,Vacuum cleaner,659
5791,2022-09-26,TV,1852
5812,2022-09-26,Phone,599
5826,2022-09-26,coffee machine,4721
5827,2022-09-26,Laptop,1011
5891,2022-09-26,TV,1037
5918,2022-09-26,coffee machine,4823
5968,2022-09-26,coffee machine,1116
5976,2022-09-26,coffee machine,2509
6007,2022-09-26,Phone,888
6024,2022-09-26,Laptop,550
6040,2022-09-26,Microwave oven,447
6076,2022-09-26,Vacuum cleaner,603
6089,2022-09-26,Microwave oven,283
6110,2022-09-26,Microwave oven,306$
6116,2022-09-26,TV,1762
6126,2022-09-26,Phone,614$
6153,2022-09-26,Laptop,3417
6173,2022-09-26,Phone,905
6189,2022-09-26,Microwave oven,541
6193,2022-09-26,coffee machine,1515$
6212,2022-09-26,coffee machine,107
6220,2022-09-26,TV,2231$
6228,2022-09-26,Vacuum cleaner,123
6275,2022-09-26,Phone,1420$
6277,2022-09-26,Microwave oven,118
6323,2022-09-26,Laptop,1313$
6350,2022-09-26,coffee machine,4628
6358,2022-09-26,Microwave oven,426
6394,2022-09-26,Phone,306
6411,2022-09-26,Microwave oven,246
6432,2022-09-26,Laptop,3034
6446,2022-09-26,Vacuum cleaner,220
6462,2022-09-26,Laptop,1184
6474,2022-09-26,Microwave oven,534
6499,2022-09-26,TV,1856
6502,2022-09-26,Laptop,827$
6516,2022-09-26,TV,1318
6526,2022-09-26,Phone,1179
6537,2022-09-26,Vacuum cleaner,700
6546,2022-09-26,Microwave oven,163
6566,2022-09-26,Laptop,771
6583,2022-09-26,TV,762
6601,2022-09-26,TV,978
6616,2022-09-26,Laptop,2327
6617,2022-09-26,Vacuum cleaner,376$
6633,2022-09-26,Phone,288$
6650,2022-09-26,Laptop,2023
6685,2022-09-26,Phone,1201
6693,2022-09-26,Vacuum cleaner,602
6764,2022-09-26,Phone,178$
6795,2022-09-26,TV,1623
6802,2022-09-26,coffee machine,4112
6812,2022-09-26,Vacuum cleaner,293
6846,2022-09-26,Microwave oven,108
6850,2022-09-26,coffee machine,1010
6850,2022-09-26,Phone,153
6856,2022-09-26,Vacuum cleaner,347$
6904,2022-09-26,Microwave oven,554
6917,2022-09-26,coffee machine,4649
6926,2022-09-26,Vacuum cleaner,456
6931,2022-09-26,TV,2128
6958,2022-09-26,Microwave oven,232
7025,2022-09-26,Microwave oven,215
7052,2022-09-26,Phone,895
7078,2022-09-26,Phone,1268
7086,2022-09-26,coffee machine,4884
7087,2022-09-26,Microwave oven,275
7089,2022-09-26,TV,1875$
7105,2022-09-26,Vacuum cleaner,136$
7168,2022-09-26,Laptop,1743
7193,2022-09-26,Microwave oven,333$
7194,2022-09-26,Microwave oven,350
7222,2022-09-26,Vacuum cleaner,488
7228,2022-09-26,Microwave oven,246
7248,2022-09-26,Laptop,2406
7307,2022-09-26,Microwave oven,422
7310,2022-09-26,Vacuum cleaner,534
7336,2022-09-26,Phone,1475$
7337,2022-09-26,Laptop,1382
7374,2022-09-26,Laptop,821
7379,2022-09-26,Vacuum cleaner,166
7408,2022-09-26,TV,2354
7516,2022-09-26,coffee machine,2729$
7520,2022-09-26,Laptop,3051
7526,2022-09-26,coffee machine,4422$
7530,2022-09-26,Laptop,3429
7543,2022-09-26,Laptop,3375
7549,2022-09-26,Vacuum cleaner,391
7582,2022-09-26,TV,1497$
7602,2022-09-26,Microwave oven,421
7605,2022-09-26,TV,1775
7614,2022-09-26,Phone,1045
7620,2022-09-26,TV,1636
7626,2022-09-26,coffee machine,2571$
7639,2022-09-26,Vacuum cleaner,777
7641,2022-09-26,TV,2293
7646,2022-09-26,Laptop,2649
7678,2022-09-26,Vacuum cleaner,281
7694,2022-09-26,Laptop,2331$
7707,2022-09-26,Phone,640
7714,2022-09-26,Phone,309
7726,2022-09-26,Vacuum cleaner,642
7731,2022-09-26,Laptop,896
7738,2022-09-26,Microwave oven,405
7764,2022-09-26,Microwave oven,552
7774,2022-09-26,Laptop,1537$
7884,2022-09-26,Phone,1492
7886,2022-09-26,Laptop,1461
7894,2022-09-26,Microwave oven,416
7962,2022-09-26,Microwave oven,282$
7979,2022-09-26,coffee machine,115$
7989,2022-09-26,Vacuum cleaner,519
7996,2022-09-26,Vacuum cleaner,364
8039,2022-09-26,coffee machine,2374
8059,2022-09-26,coffee machine,120
8076,2022-09-26,Phone,1148$
8089,2022-09-26,Phone,461$
8106,2022-09-26,coffee machine,3598
8175,2022-09-26,Microwave oven,119
8185,2022-09-26,Microwave oven,494
8220,2022-09-26,TV,1666
8253,2022-09-26,Microwave oven,414
8257,2022-09-26,Vacuum cleaner,385
8301,2022-09-26,Phone,1444
8339,2022-09-26,coffee machine,4882
8354,2022-09-26,Vacuum cleaner,378
8378,2022-09-26,TV,2134
8381,2022-09-26,Vacuum cleaner,344
8383,2022-09-26,Laptop,3438
8385,2022-09-26,Phone,300$
8422,2022-09-26,Vacuum cleaner,762
8427,2022-09-26,Microwave oven,336$
8450,2022-09-26,Laptop,1074
8479,2022-09-26,Vacuum cleaner,432
8504,2022-09-26,Laptop,2986
8521,2022-09-26,TV,927
8533,2022-09-26,Phone,404
8544,2022-09-26,Vacuum cleaner,619$
8579,2022-09-26,Laptop,3060
8579,2022-09-26,Phone,401$
8597,2022-09-26,Microwave oven,472
8630,2022-09-26,Microwave oven,491
8634,2022-09-26,Vacuum cleaner,83
8637,2022-09-26,Phone,619
8681,2022-09-26,Vacuum cleaner,209$
8692,2022-09-26,Phone,188
8697,2022-09-26,Laptop,1742
8699,2022-09-26,Microwave oven,528
8706,2022-09-26,coffee machine,1579
8761,2022-09-26,Vacuum cleaner,324
8864,2022-09-26,TV,1161
8874,2022-09-26,Vacuum cleaner,172
8923,2022-09-26,Laptop,730
8931,2022-09-26,Vacuum cleaner,441$
8943,2022-09-26,Phone,1154
9008,2022-09-26,Laptop,1374$
9030,2022-09-26,Microwave oven,283
9035,2022-09-26,TV,2371
9045,2022-09-26,TV,1887
9049,2022-09-26,Phone,785
9105,2022-09-26,Laptop,908
9113,2022-09-26,Vacuum cleaner,135
9124,2022-09-26,Microwave oven,438
9136,2022-09-26,Microwave oven,554
9144,2022-09-26,Microwave oven,512
9149,2022-09-26,TV,2155
9192,2022-09-26,coffee machine,4650
9260,2022-09-26,Microwave oven,211
9286,2022-09-26,TV,2362
9314,2022-09-26,Vacuum cleaner,518
9329,2022-09-26,Microwave oven,520
9353,2022-09-26,TV,1445
9374,2022-09-26,coffee machine,3774
9399,2022-09-26,Vacuum cleaner,676
9403,2022-09-26,coffee machine,3857
9419,2022-09-26,coffee machine,1635
9450,2022-09-26,coffee machine,3355
9451,2022-09-26,Microwave oven,353
9471,2022-09-26,Microwave oven,471
9507,2022-09-26,Laptop,1894
9514,2022-09-26,Microwave oven,113
9520,2022-09-26,Microwave oven,140
9538,2022-09-26,Phone,1180$
9543,2022-09-26,TV,1598$
9578,2022-09-26,Phone,1333
9592,2022-09-26,coffee machine,1452
9604,2022-09-26,TV,807
9619,2022-09-26,Laptop,3273
9672,2022-09-26,TV,2037
9673,2022-09-26,Laptop,3295
9714,2022-09-26,Phone,289
9715,2022-09-26,Laptop,2613
9722,2022-09-26,coffee machine,2011
9724,2022-09-26,TV,1517
9731,2022-09-26,Vacuum cleaner,696$
9745,2022-09-26,coffee machine,4965
9777,2022-09-26,Vacuum cleaner,316
9782,2022-09-26,Laptop,2716
9798,2022-09-26,Laptop,1287
9807,2022-09-26,Phone,1362
9849,2022-09-26,Phone,1218
9884,2022-09-26,coffee machine,1394
9912,2022-09-26,coffee machine,3151$
9915,2022-09-26,Microwave oven,152
9992,2022-09-26,Laptop,2626
10008,2022-09-26,Laptop,525
10013,2022-09-26,Phone,557
10024,2022-09-26,Laptop,954$
10028,2022-09-26,Microwave oven,581$
10031,2022-09-26,coffee machine,617$
10122,2022-09-26,Laptop,1920$
10134,2022-09-26,Laptop,2930$
10144,2022-09-26,TV,949
10146,2022-09-26,Laptop,2030$
10149,2022-09-26,Laptop,2328$
10155,2022-09-26,coffee machine,1269
10160,2022-09-26,coffee machine,1141
10198,2022-09-26,Phone,565
10208,2022-09-26,TV,1599
10317,2022-09-26,Laptop,1603
10329,2022-09-26,Laptop,664
10396,2022-09-26,TV,2147
10397,2022-09-26,Phone,610
10412,2022-09-26,Microwave oven,432
10427,2022-09-26,Vacuum cleaner,136
10435,2022-09-26,Laptop,1175
10436,2022-09-26,Phone,1291
10458,2022-09-26,TV,1535
10487,2022-09-26,Phone,1225
10493,2022-09-26,Vacuum cleaner,130
10500,2022-09-26,coffee machine,2164
10503,2022-09-26,Laptop,1800
10509,2022-09-26,TV,2346
10511,2022-09-26,Vacuum cleaner,99
10548,2022-09-26,coffee machine,2175
10561,2022-09-26,Microwave oven,525
10586,2022-09-26,coffee machine,351
10586,2022-09-26,Microwave oven,598$
10602,2022-09-26,TV,529
10617,2022-09-26,TV,1277
10620,2022-09-26,Microwave oven,185
10632,2022-09-26,Phone,577
10645,2022-09-26,Phone,261
10647,2022-09-26,Vacuum cleaner,196
10658,2022-09-26,Phone,1448
10661,2022-09-26,Phone,468
10667,2022-09-26,Microwave oven,548
10699,2022-09-26,Laptop,2516
10702,2022-09-26,Phone,1324
10715,2022-09-26,Phone,529
10721,2022-09-26,Laptop,1537
10730,2022-09-26,coffee machine,3680
10743,2022-09-26,Phone,1500
10744,2022-09-26,coffee machine,2127
10763,2022-09-26,coffee machine,829
10824,2022-09-26,TV,871
10832,2022-09-26,TV,1632
10834,2022-09-26,Phone,562
10841,2022-09-26,coffee machine,3019
10847,2022-09-26,Vacuum cleaner,349
10865,2022-09-26,coffee machine,3851
10875,2022-09-26,coffee machine,212
10878,2022-09-26,TV,2174
10884,2022-09-26,TV,1270
10902,2022-09-26,coffee machine,4373
10911,2022-09-26,coffee machine,2625
10916,2022-09-26,TV,2458
10936,2022-09-26,coffee machine,1706
10937,2022-09-26,Laptop,1055
10948,2022-09-26,coffee machine,1287
10971,2022-09-26,Vacuum cleaner,164$
11018,2022-09-26,Laptop,1852
11037,2022-09-26,coffee machine,164
11051,2022-09-26,Vacuum cleaner,768$
11068,2022-09-26,Microwave oven,450
11090,2022-09-26,TV,1155
11122,2022-09-26,Vacuum cleaner,680$
11125,2022-09-26,Vacuum cleaner,239$
11178,2022-09-26,Vacuum cleaner,339$
11186,2022-09-26,coffee machine,2635
11234,2022-09-26,Microwave oven,205
11236,2022-09-26,Microwave oven,324
11244,2022-09-26,Phone,978
11271,2022-09-26,Microwave oven,320$
11280,2022-09-26,TV,1491
11327,2022-09-26,coffee machine,2348
11339,2022-09-26,Vacuum cleaner,368
11344,2022-09-26,Vacuum cleaner,81
11364,2022-09-26,Vacuum cleaner,731
11366,2022-09-26,Laptop,1688
11370,2022-09-26,Microwave oven,171$
11418,2022-09-26,Laptop,1588$
11451,2022-09-26,coffee machine,259
11488,2022-09-26,Vacuum cleaner,570
11501,2022-09-26,TV,1164
11538,2022-09-26,coffee machine,347
11541,2022-09-26,Vacuum cleaner,641
11573,2022-09-26,Laptop,1640
11591,2022-09-26,TV,2064
11703,2022-09-26,Microwave oven,290
11704,2022-09-26,TV,1075
11711,2022-09-26,coffee machine,756
11742,2022-09-26,Laptop,2943$
11755,2022-09-26,TV,2222
11768,2022-09-26,TV,1821
11808,2022-09-26,Microwave oven,538
11869,2022-09-26,Phone,300
11900,2022-09-26,Phone,1031
11926,2022-09-26,Laptop,887
11937,2022-09-26,Laptop,2934
12005,2022-09-26,Phone,1400
12020,2022-09-26,Vacuum cleaner,523
12026,2022-09-26,Microwave oven,162
12037,2022-09-26,Microwave oven,470
12039,2022-09-26,coffee machine,3782
12040,2022-09-26,Laptop,1442
12063,2022-09-26,Vacuum cleaner,418
12075,2022-09-26,Laptop,2548
12085,2022-09-26,Phone,808
12109,2022-09-26,Phone,1151
12128,2022-09-26,Vacuum cleaner,147
12157,2022-09-26,Vacuum cleaner,367
12169,2022-09-26,Phone,630
12183,2022-09-26,Laptop,545
12190,2022-09-26,Laptop,2388$
12204,2022-09-26,Vacuum cleaner,525
12214,2022-09-26,Laptop,1946
12219,2022-09-26,coffee machine,3732$
12264,2022-09-26,Laptop,3073
12273,2022-09-26,Microwave oven,341
12309,2022-09-26,Laptop,969
12315,2022-09-26,coffee machine,4135
12343,2022-09-26,Microwave oven,316
12374,2022-09-26,TV,1943
12446,2022-09-26,TV,1989
12468,2022-09-26,coffee machine,2906
12483,2022-09-26,coffee machine,257
12508,2022-09-26,Microwave oven,415
12532,2022-09-26,TV,2003
12534,2022-09-26,coffee machine,2196
12538,2022-09-26,TV,757
12579,2022-09-26,Phone,383$
12592,2022-09-26,TV,1437
12611,2022-09-26,Microwave oven,403
12653,2022-09-26,Phone,925$
12669,2022-09-26,Phone,783
12722,2022-09-26,Laptop,2891
12763,2022-09-26,Phone,379
12764,2022-09-26,Vacuum cleaner,374
12766,2022-09-26,Laptop,1131$
12778,2022-09-26,coffee machine,1289$
12792,2022-09-26,coffee machine,2484
12795,2022-09-26,Phone,179$
12819,2022-09-26,Microwave oven,536
12828,2022-09-26,coffee machine,658
12860,2022-09-26,Vacuum cleaner,253
12865,2022-09-26,TV,785
12875,2022-09-26,coffee machine,1830
12875,2022-09-26,Microwave oven,588
12875,2022-09-26,TV,1119
12877,2022-09-26,TV,2090$
12918,2022-09-26,coffee machine,2409
12942,2022-09-26,Phone,532$
12952,2022-09-26,Laptop,3310
12960,2022-09-26,Laptop,3239$
12973,2022-09-26,Microwave oven,435
13025,2022-09-26,Vacuum cleaner,232
13050,2022-09-26,TV,1761
13053,2022-09-26,Phone,651$
13081,2022-09-26,TV,1715
13086,2022-09-26,Phone,1323
13108,2022-09-26,Phone,803
13161,2022-09-26,Laptop,1271$
13189,2022-09-26,TV,1234
13248,2022-09-26,Laptop,1484$
13269,2022-09-26,Vacuum cleaner,240
13280,2022-09-26,coffee machine,4811$
13289,2022-09-26,TV,1470
13333,2022-09-26,Vacuum cleaner,577
13337,2022-09-26,Phone,550
13386,2022-09-26,TV,2351$
13424,2022-09-26,Phone,154
13454,2022-09-26,Laptop,2680
13457,2022-09-26,Laptop,2966
13468,2022-09-26,coffee machine,193
13489,2022-09-26,Laptop,2606
13514,2022-09-26,Phone,561
13517,2022-09-26,Phone,166
13521,2022-09-26,Laptop,1720$
13560,2022-09-26,Vacuum cleaner,679
13572,2022-09-26,TV,983
13577,2022-09-26,Microwave oven,327
13582,2022-09-26,Vacuum cleaner,239
13600,2022-09-26,TV,2282
13604,2022-09-26,Laptop,2055$
13604,2022-09-26,Laptop,1016
13622,2022-09-26,Phone,1403
13671,2022-09-26,Microwave oven,308
13674,2022-09-26,TV,1363
13696,2022-09-26,Vacuum cleaner,98
13716,2022-09-26,Phone,1344
13718,2022-09-26,coffee machine,1341
13728,2022-09-26,Laptop,799
13756,2022-09-26,Microwave oven,243
13786,2022-09-26,Microwave oven,236
13794,2022-09-26,Phone,1351
13816,2022-09-26,Vacuum cleaner,239
13819,2022-09-26,Phone,1293
13830,2022-09-26,coffee machine,573
13851,2022-09-26,TV,2415
13861,2022-09-26,TV,1547
13876,2022-09-26,Vacuum cleaner,517$
13889,2022-09-26,TV,1094
13909,2022-09-26,TV,945$
13916,2022-09-26,Vacuum cleaner,272$
13916,2022-09-26,TV,1946$
13919,2022-09-26,Vacuum cleaner,193
13922,2022-09-26,coffee machine,797
13932,2022-09-26,coffee machine,3312
13952,2022-09-26,TV,2325
13962,2022-09-26,coffee machine,706$
13974,2022-09-26,TV,1876
13985,2022-09-26,Laptop,3269
14004,2022-09-26,Phone,487$
14051,2022-09-26,TV,2270
14060,2022-09-26,TV,840
14068,2022-09-26,Laptop,1009
14078,2022-09-26,coffee machine,2158
14100,2022-09-26,Vacuum cleaner,221$
14114,2022-09-26,TV,1739
14118,2022-09-26,TV,1551$
14218,2022-09-26,Phone,623
14286,2022-09-26,Vacuum cleaner,114
14287,2022-09-26,coffee machine,4517
14341,2022-09-26,Vacuum cleaner,596
14344,2022-09-26,Laptop,2093
14348,2022-09-26,Laptop,562
14353,2022-09-26,TV,1231
14390,2022-09-26,Phone,819
14451,2022-09-26,Laptop,1466
14467,2022-09-26,Microwave oven,486$
14468,2022-09-26,TV,718
14486,2022-09-26,TV,2254
14495,2022-09-26,Microwave oven,261
14504,2022-09-26,Phone,1288$
14553,2022-09-26,Laptop,2780
14553,2022-09-26,Microwave oven,461
14567,2022-09-26,TV,553
14577,2022-09-26,Phone,497
14612,2022-09-26,coffee machine,569
14614,2022-09-26,coffee machine,4870
14618,2022-09-26,Vacuum cleaner,141$
14619,2022-09-26,Microwave oven,456$
14623,2022-09-26,Laptop,2131
14633,2022-09-26,Phone,194
14638,2022-09-26,Vacuum cleaner,354
14658,2022-09-26,coffee machine,1590
14749,2022-09-26,TV,1035
14766,2022-09-26,Vacuum cleaner,395
14779,2022-09-26,coffee machine,1127
14794,2022-09-26,Laptop,728
14811,2022-09-26,Microwave oven,513
14919,2022-09-26,Phone,587
14923,2022-09-26,coffee machine,2349
14936,2022-09-26,TV,2272
15064,2022-09-26,Laptop,2185$
15067,2022-09-26,coffee machine,4293
15071,2022-09-26,TV,1885
15076,2022-09-26,Microwave oven,165
15084,2022-09-26,Vacuum cleaner,574
15180,2022-09-26,Phone,209
15210,2022-09-26,Phone,887
15229,2022-09-26,Microwave oven,437
15248,2022-09-26,Vacuum cleaner,774
15256,2022-09-26,Laptop,2750
15259,2022-09-26,Laptop,2359$
15268,2022-09-26,TV,1058
15269,2022-09-26,Phone,729
15294,2022-09-26,Vacuum cleaner,524$
15329,2022-09-26,Laptop,3170
15354,2022-09-26,Laptop,2435
15373,2022-09-26,Phone,456
15386,2022-09-26,Phone,762
15393,2022-09-26,Phone,646
15402,2022-09-26,Phone,1053
15424,2022-09-26,Microwave oven,274$
15432,2022-09-26,TV,1842
15433,2022-09-26,Phone,1433$
15439,2022-09-26,Phone,721
15490,2022-09-26,TV,1350$
15496,2022-09-26,coffee machine,4192
15500,2022-09-26,Microwave oven,451
15502,2022-09-26,Microwave oven,496
15544,2022-09-26,Microwave oven,507
15549,2022-09-26,coffee machine,1635
15555,2022-09-26,Vacuum cleaner,676
15560,2022-09-26,Phone,372
15564,2022-09-26,Vacuum cleaner,201$
15565,2022-09-26,coffee machine,4458
15585,2022-09-26,TV,901
15597,2022-09-26,Microwave oven,369
15606,2022-09-26,Laptop,667
15624,2022-09-26,Vacuum cleaner,744
15681,2022-09-26,TV,2350$
15703,2022-09-26,TV,743
15740,2022-09-26,Vacuum cleaner,120
15769,2022-09-26,coffee machine,3766
15794,2022-09-26,coffee machine,226
15823,2022-09-26,Vacuum cleaner,799$
15894,2022-09-26,Microwave oven,435
15900,2022-09-26,Microwave oven,300
15909,2022-09-26,Vacuum cleaner,479
15980,2022-09-26,Phone,237
15985,2022-09-26,Microwave oven,144
16014,2022-09-26,Microwave oven,320$
16036,2022-09-26,TV,2047
16059,2022-09-26,Vacuum cleaner,720
16074,2022-09-26,Phone,379
16074,2022-09-26,TV,1996
16077,2022-09-26,coffee machine,4150
16084,2022-09-26,Microwave oven,513
16116,2022-09-26,Vacuum cleaner,186
16116,2022-09-26,Laptop,1409$
16119,2022-09-26,Phone,264
16130,2022-09-26,Vacuum cleaner,232
16137,2022-09-26,Vacuum cleaner,155
16192,2022-09-26,Phone,1042$
16243,2022-09-26,Vacuum cleaner,345
16262,2022-09-26,Laptop,1847
16272,2022-09-26,TV,500
16282,2022-09-26,coffee machine,1544$
16292,2022-09-26,Laptop,914
16317,2022-09-26,Microwave oven,411
16331,2022-09-26,Vacuum cleaner,216
16420,2022-09-26,coffee machine,1337
16429,2022-09-26,Microwave oven,425
16433,2022-09-26,Vacuum cleaner,89
16436,2022-09-26,Phone,1410
16470,2022-09-26,Laptop,1127
16508,2022-09-26,Microwave oven,327
16521,2022-09-26,Laptop,645
16554,2022-09-26,Phone,686$
16578,2022-09-26,Vacuum cleaner,553$
16596,2022-09-26,Phone,225
16611,2022-09-26,coffee machine,213
16689,2022-09-26,Laptop,650$
16735,2022-09-26,Microwave oven,277
16741,2022-09-26,Microwave oven,466
16755,2022-09-26,Phone,508
16800,2022-09-26,coffee machine,4499
16817,2022-09-26,TV,2430
16823,2022-09-26,TV,2231
16829,2022-09-26,Laptop,2847
16854,2022-09-26,Microwave oven,112
16871,2022-09-26,Vacuum cleaner,669$
16873,2022-09-26,Phone,844$
16878,2022-09-26,coffee machine,2309
17003,2022-09-26,Phone,691$
17022,2022-09-26,Phone,408
17034,2022-09-26,Vacuum cleaner,755
17077,2022-09-26,Laptop,1852
17084,2022-09-26,Laptop,2870
17110,2022-09-26,Laptop,542$
17147,2022-09-26,Vacuum cleaner,302
17151,2022-09-26,coffee machine,3898$
17157,2022-09-26,Microwave oven,261
17198,2022-09-26,Phone,435
17219,2022-09-26,Phone,221
17221,2022-09-26,Phone,1323
17222,2022-09-26,Laptop,1115
17226,2022-09-26,coffee machine,3654
17240,2022-09-26,Vacuum cleaner,600
17241,2022-09-26,Microwave oven,159$
17246,2022-09-26,coffee machine,367
17249,2022-09-26,Microwave oven,522
17250,2022-09-26,Phone,1100
17267,2022-09-26,Vacuum cleaner,736
17298,2022-09-26,Microwave oven,510$
17305,2022-09-26,Phone,1134
17311,2022-09-26,Vacuum cleaner,735
17337,2022-09-26,Laptop,2518
17345,2022-09-26,coffee machine,3043
17346,2022-09-26,Microwave oven,524
17398,2022-09-26,coffee machine,1096
17404,2022-09-26,Laptop,1416
17428,2022-09-26,Vacuum cleaner,548
17442,2022-09-26,Laptop,1165
17450,2022-09-26,Phone,647
17453,2022-09-26,coffee machine,440$
17489,2022-09-26,Laptop,615
17493,2022-09-26,Phone,214
17517,2022-09-26,Laptop,598
17521,2022-09-26,Microwave oven,562
17532,2022-09-26,Phone,384
17556,2022-09-26,Microwave oven,233
17570,2022-09-26,coffee machine,4092
17604,2022-09-26,Laptop,1378
17621,2022-09-26,Laptop,3439$
17655,2022-09-26,Laptop,3479$
17667,2022-09-26,TV,1653
17669,2022-09-26,coffee machine,3036
17678,2022-09-26,Microwave oven,204
17697,2022-09-26,TV,1516
17721,2022-09-26,TV,2045
17744,2022-09-26,Laptop,1225
17745,2022-09-26,TV,1902
17752,2022-09-26,TV,942
17787,2022-09-26,TV,2043
17789,2022-09-26,TV,2390
17800,2022-09-26,Laptop,3362$
17822,2022-09-26,TV,1401
17849,2022-09-26,Microwave oven,430
17853,2022-09-26,coffee machine,1717
17862,2022-09-26,TV,1630
17872,2022-09-26,Laptop,842
17873,2022-09-26,Microwave oven,563
17875,2022-09-26,Phone,962$
17893,2022-09-26,Vacuum cleaner,315
17953,2022-09-26,Microwave oven,130
17956,2022-09-26,TV,2388
17961,2022-09-26,Vacuum cleaner,128
17974,2022-09-26,Phone,778
17990,2022-09-26,coffee machine,2444$
17991,2022-09-26,Phone,1363$
18034,2022-09-26,coffee machine,497
18036,2022-09-26,coffee machine,1420$
18082,2022-09-26,TV,1297
18123,2022-09-26,Phone,492
18144,2022-09-26,Vacuum cleaner,256$
18175,2022-09-26,coffee machine,2070
18183,2022-09-26,Laptop,1146
18197,2022-09-26,Vacuum cleaner,682$
18249,2022-09-26,Laptop,3209
18271,2022-09-26,TV,540$
18282,2022-09-26,Microwave oven,145$
18290,2022-09-26,TV,1439
18324,2022-09-26,Phone,1143
18346,2022-09-26,Phone,209
18364,2022-09-26,Laptop,1318
18379,2022-09-26,Vacuum cleaner,477
18443,2022-09-26,Vacuum cleaner,520
18471,2022-09-26,Microwave oven,275
18484,2022-09-26,coffee machine,598
18495,2022-09-26,TV,1241
18524,2022-09-26,TV,1602
18634,2022-09-26,Phone,218
18642,2022-09-26,Microwave oven,489
18645,2022-09-26,Microwave oven,379
18660,2022-09-26,coffee machine,3801
18663,2022-09-26,Laptop,3476
18665,2022-09-26,coffee machine,2746
18671,2022-09-26,TV,1161$
18694,2022-09-26,Microwave oven,547
18726,2022-09-26,Phone,745$
18742,2022-09-26,Vacuum cleaner,554
18767,2022-09-26,Microwave oven,279$
18778,2022-09-26,Vacuum cleaner,740
18782,2022-09-26,Vacuum cleaner,756
18784,2022-09-26,Laptop,2265$
18807,2022-09-26,Vacuum cleaner,222
18812,2022-09-26,Laptop,2512
18819,2022-09-26,TV,1579
18842,2022-09-26,coffee machine,4784
18846,2022-09-26,Phone,935$
18888,2022-09-26,TV,926$
18905,2022-09-26,coffee machine,548
18916,2022-09-26,coffee machine,3758$
18917,2022-09-26,Vacuum cleaner,757$
18944,2022-09-26,Microwave oven,161$
18976,2022-09-26,Laptop,2924
18988,2022-09-26,Microwave oven,427
19011,2022-09-26,Vacuum cleaner,464
19094,2022-09-26,TV,2028
19135,2022-09-26,Vacuum cleaner,765
19153,2022-09-26,Vacuum cleaner,332
19165,2022-09-26,coffee machine,1518
19177,2022-09-26,Vacuum cleaner,175
19261,2022-09-26,Laptop,642
19280,2022-09-26,Laptop,1819
19310,2022-09-26,Vacuum cleaner,742$
19330,2022-09-26,Laptop,1807
19347,2022-09-26,Microwave oven,322
19392,2022-09-26,Microwave oven,180
19393,2022-09-26,Phone,1304
19398,2022-09-26,coffee machine,4826
19402,2022-09-26,Phone,889$
19416,2022-09-26,Vacuum cleaner,238
19419,2022-09-26,Microwave oven,456
19442,2022-09-26,TV,953
19443,2022-09-26,Laptop,1974
19448,2022-09-26,Microwave oven,371
19462,2022-09-26,coffee machine,3069
19489,2022-09-26,Laptop,1231
19528,2022-09-26,Microwave oven,264$
19539,2022-09-26,Vacuum cleaner,370
19556,2022-09-26,Microwave oven,545
19572,2022-09-26,coffee machine,4514
19635,2022-09-26,coffee machine,3763
19653,2022-09-26,Vacuum cleaner,320
19687,2022-09-26,Laptop,1996
19698,2022-09-26,Vacuum cleaner,463
19726,2022-09-26,coffee machine,3685
19746,2022-09-26,Phone,321$
19751,2022-09-26,Phone,193
19795,2022-09-26,Phone,716
19813,2022-09-26,Microwave oven,334$
19838,2022-09-26,coffee machine,1448
19887,2022-09-26,Phone,501
19902,2022-09-26,coffee machine,4658$
19941,2022-09-26,TV,827
19950,2022-09-26,Microwave oven,589$
20023,2022-09-26,Laptop,1741
20025,2022-09-26,TV,1721
20027,2022-09-26,TV,2112
20057,2022-09-26,Vacuum cleaner,408$
20070,2022-09-26,TV,1164
20078,2022-09-26,Phone,1117
20117,2022-09-26,Microwave oven,306
20118,2022-09-26,coffee machine,1870
20131,2022-09-26,Laptop,2659
20191,2022-09-26,coffee machine,4980
20233,2022-09-26,coffee machine,757
20301,2022-09-26,Laptop,2295
20321,2022-09-26,TV,780$
20324,2022-09-26,Vacuum cleaner,781$
20384,2022-09-26,TV,1525
20401,2022-09-26,TV,2044$
20467,2022-09-26,coffee machine,109
20467,2022-09-26,Phone,723
20493,2022-09-26,TV,1277$
20496,2022-09-26,coffee machine,4035$
20585,2022-09-26,TV,1235$
20586,2022-09-26,Phone,831$
20598,2022-09-26,Microwave oven,398
20619,2022-09-26,Microwave oven,567
20649,2022-09-26,Laptop,3319
20672,2022-09-26,Laptop,1317
20727,2022-09-26,Vacuum cleaner,458
20738,2022-09-26,coffee machine,235
20756,2022-09-26,coffee machine,1988
20799,2022-09-26,coffee machine,1764
20815,2022-09-26,coffee machine,2074
20853,2022-09-26,TV,1236$
20860,2022-09-26,Phone,915
20868,2022-09-26,Vacuum cleaner,729
20879,2022-09-26,TV,2179$
20896,2022-09-26,Laptop,2246
20913,2022-09-26,Microwave oven,152
20924,2022-09-26,coffee machine,354
20926,2022-09-26,Laptop,2225$
20941,2022-09-26,Vacuum cleaner,106
20963,2022-09-26,coffee machine,780
20966,2022-09-26,TV,1583
20978,2022-09-26,Vacuum cleaner,783
21034,2022-09-26,Phone,1463
21044,2022-09-26,Microwave oven,582
21061,2022-09-26,TV,1595
21108,2022-09-26,Laptop,3461
21124,2022-09-26,Microwave oven,309
21157,2022-09-26,Phone,537
21223,2022-09-26,Vacuum cleaner,407
21266,2022-09-26,Laptop,725$
21298,2022-09-26,Laptop,1513
21399,2022-09-26,Laptop,3407
21418,2022-09-26,Microwave oven,293$
21421,2022-09-26,Laptop,1237$
21445,2022-09-26,Laptop,1714$
21465,2022-09-26,Phone,943
21494,2022-09-26,Microwave oven,360$
21552,2022-09-26,TV,2004
21561,2022-09-26,Laptop,2709
21567,2022-09-26,Microwave oven,480
21573,2022-09-26,coffee machine,917
21615,2022-09-26,TV,1910
21638,2022-09-26,Vacuum cleaner,497
21662,2022-09-26,TV,586$
21671,2022-09-26,Microwave oven,144
21694,2022-09-26,coffee machine,1237
21694,2022-09-26,Laptop,3487
21729,2022-09-26,coffee machine,1924$
21769,2022-09-26,Phone,808
21773,2022-09-26,Phone,827
21788,2022-09-26,Laptop,1022
21789,2022-09-26,TV,2068
21804,2022-09-26,Vacuum cleaner,516
21820,2022-09-26,Microwave oven,545
21858,2022-09-26,coffee machine,2590
21902,2022-09-26,TV,512
21910,2022-09-26,TV,1000$
21946,2022-09-26,Vacuum cleaner,430
21974,2022-09-26,TV,1739$
22010,2022-09-26,Laptop,1800
22050,2022-09-26,TV,1770
22051,2022-09-26,Laptop,2666
22080,2022-09-26,Microwave oven,491$
22089,2022-09-26,Phone,1026
22119,2022-09-26,TV,2252
22124,2022-09-26,coffee machine,4728$
22197,2022-09-26,coffee machine,1263
22204,2022-09-26,coffee machine,1161$
22223,2022-09-26,Laptop,824$
22231,2022-09-26,Phone,311
22237,2022-09-26,Laptop,1785
22240,2022-09-26,Microwave oven,271
22258,2022-09-26,Laptop,851
22278,2022-09-26,Microwave oven,406
22293,2022-09-26,Phone,1396
22317,2022-09-26,Phone,1159
22318,2022-09-26,Phone,323
22319,2022-09-26,Phone,1225
22320,2022-09-26,TV,840$
22326,2022-09-26,coffee machine,3672
22356,2022-09-26,Phone,530
22367,2022-09-26,Microwave oven,571
22368,2022-09-26,Microwave oven,484
22370,2022-09-26,coffee machine,249$
22371,2022-09-26,Microwave oven,533$
22441,2022-09-26,Laptop,2299
22457,2022-09-26,Microwave oven,298$
22500,2022-09-26,coffee machine,4485$
22504,2022-09-26,Laptop,1444
22513,2022-09-26,Laptop,2208
22535,2022-09-26,Laptop,1317
22578,2022-09-26,Microwave oven,183
22623,2022-09-26,TV,1265$
22643,2022-09-26,Microwave oven,469$
22644,2022-09-26,Laptop,2980
22649,2022-09-26,Microwave oven,307
22666,2022-09-26,TV,2285$
22667,2022-09-26,coffee machine,2024
22701,2022-09-26,Vacuum cleaner,694
22741,2022-09-26,Microwave oven,406$
22767,2022-09-26,Vacuum cleaner,140
22849,2022-09-26,Laptop,2691$
22859,2022-09-26,Microwave oven,570
22867,2022-09-26,Laptop,2464
22868,2022-09-26,Microwave oven,492
22899,2022-09-26,Laptop,2033
22916,2022-09-26,Laptop,3020$
22945,2022-09-26,coffee machine,2840$
22968,2022-09-26,Microwave oven,548
22989,2022-09-26,Phone,621$
23004,2022-09-26,coffee machine,4878
23027,2022-09-26,Microwave oven,586
23042,2022-09-26,Microwave oven,107
23050,2022-09-26,Laptop,1184
23055,2022-09-26,Microwave oven,132
23072,2022-09-26,Vacuum cleaner,295
23118,2022-09-26,coffee machine,3054
23123,2022-09-26,Microwave oven,300
23190,2022-09-26,Laptop,888
23193,2022-09-26,Microwave oven,555
23204,2022-09-26,Vacuum cleaner,792
23204,2022-09-26,Laptop,2162
23234,2022-09-26,Laptop,2568$
23268,2022-09-26,Laptop,1157
23276,2022-09-26,Laptop,2281
23336,2022-09-26,Phone,584
23346,2022-09-26,TV,1302$
23347,2022-09-26,Laptop,1553
23348,2022-09-26,coffee machine,1321$
23355,2022-09-26,Laptop,1812
23359,2022-09-26,Vacuum cleaner,350
23377,2022-09-26,Microwave oven,447
23386,2022-09-26,Laptop,2935
23405,2022-09-26,Phone,1320
23418,2022-09-26,Vacuum cleaner,620
23432,2022-09-26,Vacuum cleaner,448
23475,2022-09-26,Laptop,3339
23475,2022-09-26,Laptop,2123$
23477,2022-09-26,Laptop,1812
23485,2022-09-26,Microwave oven,395$
23509,2022-09-26,coffee machine,4641
23518,2022-09-26,coffee machine,2385$
23525,2022-09-26,coffee machine,2138
23558,2022-09-26,Phone,955$
23579,2022-09-26,coffee machine,3691
23746,2022-09-26,Laptop,1610$
23754,2022-09-26,TV,576
23768,2022-09-26,coffee machine,203
23777,2022-09-26,Microwave oven,256
23807,2022-09-26,Laptop,1981$
23865,2022-09-26,Microwave oven,350
23869,2022-09-26,Vacuum cleaner,126$
23931,2022-09-26,Laptop,1872$
23933,2022-09-26,Vacuum cleaner,718
23942,2022-09-26,Laptop,2298
23968,2022-09-26,coffee machine,3452$
23987,2022-09-26,Phone,491$
24006,2022-09-26,TV,928
24011,2022-09-26,TV,1671
24020,2022-09-26,TV,989
24022,2022-09-26,Vacuum cleaner,775
24041,2022-09-26,Laptop,1732
24062,2022-09-26,coffee machine,993
24065,2022-09-26,Phone,733$
24067,2022-09-26,Laptop,2584
24090,2022-09-26,TV,1963
24128,2022-09-26,coffee machine,2277
24155,2022-09-26,Vacuum cleaner,118$
24171,2022-09-26,Vacuum cleaner,153
24172,2022-09-26,TV,2346
24186,2022-09-26,Laptop,571
24219,2022-09-26,Laptop,3137
24286,2022-09-26,Vacuum cleaner,98
24295,2022-09-26,Laptop,3182
24306,2022-09-26,Microwave oven,379$
24310,2022-09-26,TV,722
24314,2022-09-26,coffee machine,1107
24324,2022-09-26,TV,1349$
24394,2022-09-26,Vacuum cleaner,227
24424,2022-09-26,Laptop,2527
24447,2022-09-26,Vacuum cleaner,463$
24485,2022-09-26,Laptop,1564
24509,2022-09-26,Laptop,1927
24555,2022-09-26,TV,738$
24556,2022-09-26,Phone,203
24563,2022-09-26,Phone,1366
24570,2022-09-26,coffee machine,1785$
24622,2022-09-26,Microwave oven,457
24626,2022-09-26,Laptop,3375$
24686,2022-09-26,Microwave oven,144$
24704,2022-09-26,Laptop,2050
24736,2022-09-26,TV,936
24736,2022-09-26,coffee machine,3270
24741,2022-09-26,Phone,220
24746,2022-09-26,Microwave oven,164
24749,2022-09-26,Laptop,2169
24785,2022-09-26,TV,1226
24789,2022-09-26,Vacuum cleaner,371
24827,2022-09-26,Laptop,1701
24839,2022-09-26,Phone,726
24869,2022-09-26,TV,2242$
24869,2022-09-26,Phone,1114
24893,2022-09-26,Laptop,3319
24998,2022-09-26,Phone,804
25000,2022-09-26,Phone,1312
25068,2022-09-26,TV,744$
25120,2022-09-26,Microwave oven,560
25146,2022-09-26,Laptop,669
25155,2022-09-26,Laptop,704
25188,2022-09-26,coffee machine,878
25256,2022-09-26,Microwave oven,161
25301,2022-09-26,Phone,1258
25325,2022-09-26,Microwave oven,244$
25327,2022-09-26,Laptop,1225
25329,2022-09-26,coffee machine,897
25350,2022-09-26,Vacuum cleaner,120
25399,2022-09-26,Microwave oven,301
25441,2022-09-26,coffee machine,1868$
25480,2022-09-26,Vacuum cleaner,561
25484,2022-09-26,Phone,177
25487,2022-09-26,TV,2258
25491,2022-09-26,Laptop,2951
25500,2022-09-26,coffee machine,1005
25510,2022-09-26,TV,1011
25552,2022-09-26,coffee machine,1282
25557,2022-09-26,Vacuum cleaner,644
25571,2022-09-26,Microwave oven,566
25579,2022-09-26,Laptop,3272
25592,2022-09-26,TV,2380$
25598,2022-09-26,TV,1752
25600,2022-09-26,Phone,1077
25607,2022-09-26,Laptop,1882
25634,2022-09-26,Phone,1357
25636,2022-09-26,Laptop,1880
25656,2022-09-26,Microwave oven,262
25666,2022-09-26,Phone,764
25686,2022-09-26,Vacuum cleaner,285$
25705,2022-09-26,TV,532$
25726,2022-09-26,Vacuum cleaner,453
25728,2022-09-26,TV,2290
25783,2022-09-26,Vacuum cleaner,263
25792,2022-09-26,Phone,1005
25814,2022-09-26,Phone,213$
25830,2022-09-26,Microwave oven,592
25832,2022-09-26,Phone,1368$
25875,2022-09-26,Phone,1358
25883,2022-09-26,Microwave oven,252
25909,2022-09-26,Microwave oven,162
25943,2022-09-26,Phone,944
25968,2022-09-26,coffee machine,1728
25968,2022-09-26,coffee machine,4433
25987,2022-09-26,TV,1931
26021,2022-09-26,Laptop,819
26024,2022-09-26,TV,2111
26049,2022-09-26,Microwave oven,279
26058,2022-09-26,Vacuum cleaner,510
26087,2022-09-26,coffee machine,577$
26221,2022-09-26,coffee machine,1417
26223,2022-09-26,TV,872
26238,2022-09-26,Laptop,719
26244,2022-09-26,Vacuum cleaner,234
26246,2022-09-26,coffee machine,2029
26265,2022-09-26,coffee machine,1824
26271,2022-09-26,Vacuum cleaner,525$
26295,2022-09-26,Phone,421
26312,2022-09-26,Vacuum cleaner,730
26339,2022-09-26,Laptop,2523$
26347,2022-09-26,Microwave oven,147
26368,2022-09-26,Laptop,552
26368,2022-09-26,Vacuum cleaner,754
26371,2022-09-26,Phone,210
26382,2022-09-26,Laptop,1045$
26385,2022-09-26,Vacuum cleaner,88$
26393,2022-09-26,TV,2190
26414,2022-09-26,TV,1905
26421,2022-09-26,Vacuum cleaner,473$
26428,2022-09-26,Laptop,3031
26431,2022-09-26,Laptop,1245
26437,2022-09-26,Microwave oven,142
26446,2022-09-26,TV,1115
26475,2022-09-26,TV,1548
26486,2022-09-26,Vacuum cleaner,165
26487,2022-09-26,Microwave oven,591
26559,2022-09-26,Phone,1275
26569,2022-09-26,Laptop,2076
26571,2022-09-26,Phone,407
26586,2022-09-26,Laptop,3033
26618,2022-09-26,Laptop,3018$
26655,2022-09-26,Laptop,3369
26656,2022-09-26,Microwave oven,411
26666,2022-09-26,Vacuum cleaner,393
26704,2022-09-26,coffee machine,2368
26729,2022-09-26,Laptop,2073
26736,2022-09-26,Microwave oven,358$
26743,2022-09-26,Vacuum cleaner,111
26785,2022-09-26,Phone,376
26787,2022-09-26,coffee machine,638$
26857,2022-09-26,Microwave oven,237
26858,2022-09-26,Laptop,2228
26878,2022-09-26,coffee machine,3879
26887,2022-09-26,Microwave oven,193
26891,2022-09-26,Microwave oven,465$
26916,2022-09-26,Microwave oven,440
26968,2022-09-26,Phone,405
26971,2022-09-26,Phone,1380
26984,2022-09-26,TV,1056
27010,2022-09-26,Laptop,1350
27032,2022-09-26,Vacuum cleaner,585
27033,2022-09-26,Laptop,3387
27058,2022-09-26,TV,584
27063,2022-09-26,Phone,1202
27075,2022-09-26,Laptop,3319
27077,2022-09-26,Vacuum cleaner,494
27124,2022-09-26,Laptop,1567
27160,2022-09-26,TV,2086
27197,2022-09-26,Microwave oven,164
27241,2022-09-26,Laptop,1853
27242,2022-09-26,Laptop,2495
27244,2022-09-26,Vacuum cleaner,127
27255,2022-09-26,Laptop,1939
27281,2022-09-26,coffee machine,718$
27284,2022-09-26,Phone,811
27293,2022-09-26,Vacuum cleaner,254
27327,2022-09-26,Microwave oven,229
27332,2022-09-26,Vacuum cleaner,125$
27343,2022-09-26,Vacuum cleaner,662$
27364,2022-09-26,Microwave oven,201
27376,2022-09-26,coffee machine,1433$
27382,2022-09-26,Microwave oven,523
27387,2022-09-26,Vacuum cleaner,680
27389,2022-09-26,Microwave oven,386
27436,2022-09-26,Vacuum cleaner,696$
27450,2022-09-26,coffee machine,1895
27487,2022-09-26,Vacuum cleaner,235
27545,2022-09-26,Laptop,1753
27554,2022-09-26,coffee machine,4026
27560,2022-09-26,coffee machine,212
27605,2022-09-26,Laptop,3101
27613,2022-09-26,coffee machine,104
27617,2022-09-26,Phone,1395
27633,2022-09-26,Laptop,2283
27657,2022-09-26,Laptop,3122$
27675,2022-09-26,Phone,1109
27700,2022-09-26,coffee machine,1721
27701,2022-09-26,Vacuum cleaner,651
27721,2022-09-26,Vacuum cleaner,528
27751,2022-09-26,Vacuum cleaner,343$
27780,2022-09-26,Phone,690
27830,2022-09-26,Laptop,2574$
27846,2022-09-26,TV,1494
27851,2022-09-26,coffee machine,1830
27867,2022-09-26,Phone,296
27869,2022-09-26,coffee machine,1562
27907,2022-09-26,Laptop,720$
27948,2022-09-26,Phone,721
27949,2022-09-26,Phone,1044
27950,2022-09-26,Phone,1070$
27976,2022-09-26,Microwave oven,162
27977,2022-09-26,Microwave oven,572
28000,2022-09-26,Microwave oven,116
28049,2022-09-26,TV,1928
28104,2022-09-26,Vacuum cleaner,797
28123,2022-09-26,Laptop,2366
28158,2022-09-26,coffee machine,2180
28170,2022-09-26,Laptop,1793
28204,2022-09-26,Microwave oven,426
28238,2022-09-26,Vacuum cleaner,294
28249,2022-09-26,TV,2388
28288,2022-09-26,Laptop,746
28299,2022-09-26,Vacuum cleaner,586
28304,2022-09-26,Microwave oven,219
28307,2022-09-26,coffee machine,2209
28309,2022-09-26,Laptop,3343$
28326,2022-09-26,Vacuum cleaner,304
28344,2022-09-26,TV,655
28409,2022-09-26,Laptop,2525$
28422,2022-09-26,Microwave oven,593
28447,2022-09-26,Phone,926
28458,2022-09-26,Microwave oven,403
28472,2022-09-26,TV,987
28473,2022-09-26,coffee machine,4585$
28498,2022-09-26,Laptop,3441
28547,2022-09-26,Laptop,3449
28584,2022-09-26,Laptop,2384$
28595,2022-09-26,Vacuum cleaner,583
28628,2022-09-26,Phone,1492$
28640,2022-09-26,TV,1962
28642,2022-09-26,coffee machine,1409
28647,2022-09-26,Laptop,1161
28648,2022-09-26,Vacuum cleaner,633$
28652,2022-09-26,coffee machine,4597
28667,2022-09-26,Vacuum cleaner,416
28674,2022-09-26,Laptop,1124
28683,2022-09-26,TV,662
28700,2022-09-26,coffee machine,2125
28700,2022-09-26,Microwave oven,254
28706,2022-09-26,TV,1193
28707,2022-09-26,Phone,219
28754,2022-09-26,coffee machine,1096
28786,2022-09-26,Laptop,3139
28789,2022-09-26,TV,1445
28828,2022-09-26,Vacuum cleaner,597$
28868,2022-09-26,Microwave oven,252$
28871,2022-09-26,Phone,1281
28951,2022-09-26,Microwave oven,211
28978,2022-09-26,Phone,865$
28992,2022-09-26,Laptop,1836
29002,2022-09-26,Microwave oven,320
29013,2022-09-26,Phone,1475
29019,2022-09-26,Vacuum cleaner,750
29025,2022-09-26,TV,1701
29035,2022-09-26,Phone,343
29037,2022-09-26,Microwave oven,563
29053,2022-09-26,TV,2390
29061,2022-09-26,Microwave oven,574$
29068,2022-09-26,coffee machine,2208
29106,2022-09-26,coffee machine,3682$
29115,2022-09-26,TV,760
29115,2022-09-26,Microwave oven,193
29152,2022-09-26,Phone,1281
29173,2022-09-26,Vacuum cleaner,143
29184,2022-09-26,coffee machine,3250
29189,2022-09-26,Microwave oven,567
29197,2022-09-26,Laptop,1975
29226,2022-09-26,coffee machine,3656$
29235,2022-09-26,TV,1789
29256,2022-09-26,Phone,386
29290,2022-09-26,Microwave oven,549
29296,2022-09-26,Laptop,1003
29309,2022-09-26,TV,785
29321,2022-09-26,Vacuum cleaner,451
29360,2022-09-26,coffee machine,1916
29371,2022-09-26,TV,1958
29372,2022-09-26,TV,1586
29385,2022-09-26,TV,2319
29389,2022-09-26,Microwave oven,471
29412,2022-09-26,Vacuum cleaner,669
29414,2022-09-26,Phone,414
29415,2022-09-26,coffee machine,3968$
29425,2022-09-26,Phone,614
29438,2022-09-26,Laptop,1362$
29442,2022-09-26,Microwave oven,592
29448,2022-09-26,Phone,234
29504,2022-09-26,TV,1768
29526,2022-09-26,TV,2422
29531,2022-09-26,Vacuum cleaner,599
29561,2022-09-26,Phone,463$
29573,2022-09-26,TV,2351
29650,2022-09-26,Vacuum cleaner,785
29667,2022-09-26,TV,1000
29694,2022-09-26,Phone,478$
29710,2022-09-26,coffee machine,357$
29713,2022-09-26,Microwave oven,381
29772,2022-09-26,Phone,667
29780,2022-09-26,Microwave oven,237$
29792,2022-09-26,TV,1463
29795,2022-09-26,Laptop,2194
29809,2022-09-26,Laptop,2803$
29835,2022-09-26,Laptop,2520
29841,2022-09-26,Laptop,1736
29870,2022-09-26,TV,1914
29880,2022-09-26,Phone,946
29885,2022-09-26,coffee machine,4328
29890,2022-09-26,coffee machine,4650$
29890,2022-09-26,Laptop,1650$
29926,2022-09-26,Laptop,1991
29927,2022-09-26,Microwave oven,240
29930,2022-09-26,Vacuum cleaner,701$
29975,2022-09-26,TV,1831$
29975,2022-09-26,TV,1014
29988,2022-09-26,Vacuum cleaner,392
29993,2022-09-26,Laptop,546
30046,2022-09-26,TV,2179
30053,2022-09-26,Vacuum cleaner,95$
30101,2022-09-26,Phone,402$
30109,2022-09-26,coffee machine,4540
30121,2022-09-26,Vacuum cleaner,130
30140,2022-09-26,Laptop,616
30147,2022-09-26,Phone,1180
30149,2022-09-26,TV,2249
30149,2022-09-26,Vacuum cleaner,794
30158,2022-09-26,TV,1021
30185,2022-09-26,coffee machine,2217
30218,2022-09-26,Vacuum cleaner,377
30233,2022-09-26,coffee machine,4409
30245,2022-09-26,Vacuum cleaner,430
30291,2022-09-26,Vacuum cleaner,737
30297,2022-09-26,coffee machine,830
30298,2022-09-26,Vacuum cleaner,496
30303,2022-09-26,Vacuum cleaner,502
30335,2022-09-26,Microwave oven,366
30361,2022-09-26,Laptop,2749
30369,2022-09-26,Microwave oven,113$
30397,2022-09-26,Vacuum cleaner,471
30399,2022-09-26,Laptop,2747$
30404,2022-09-26,Laptop,3335$
30422,2022-09-26,coffee machine,283
30423,2022-09-26,coffee machine,1961
30431,2022-09-26,Vacuum cleaner,732$
30462,2022-09-26,Laptop,1628
30476,2022-09-26,TV,704$
30497,2022-09-26,TV,1370
30502,2022-09-26,Laptop,1454
30531,2022-09-26,Laptop,675$
30542,2022-09-26,TV,2446
30562,2022-09-26,Phone,810
30569,2022-09-26,Vacuum cleaner,771
30585,2022-09-26,Laptop,1061
30622,2022-09-26,coffee machine,1946
30646,2022-09-26,Microwave oven,130
30676,2022-09-26,Laptop,1884
30705,2022-09-26,Laptop,630$
30725,2022-09-26,Microwave oven,487$
30740,2022-09-26,Laptop,746
30740,2022-09-26,coffee machine,2267
30751,2022-09-26,Laptop,3386
30753,2022-09-26,Microwave oven,267
30770,2022-09-26,Phone,1122
30815,2022-09-26,Microwave oven,542
30820,2022-09-26,TV,1313
30824,2022-09-26,TV,1435
30825,2022-09-26,TV,1403
30835,2022-09-26,Vacuum cleaner,133
30850,2022-09-26,Laptop,3157$
30869,2022-09-26,coffee machine,4249$
30952,2022-09-26,Phone,1298
30970,2022-09-26,Vacuum cleaner,260
31013,2022-09-26,TV,629$
31015,2022-09-26,Microwave oven,146
31058,2022-09-26,Laptop,2753
31111,2022-09-26,Microwave oven,351
31196,2022-09-26,Phone,345
31201,2022-09-26,Microwave oven,540$
31211,2022-09-26,Vacuum cleaner,414
31218,2022-09-26,Microwave oven,434$
31230,2022-09-26,TV,2457
31322,2022-09-26,TV,2183
31323,2022-09-26,Vacuum cleaner,436
31325,2022-09-26,Microwave oven,429
31328,2022-09-26,Microwave oven,496$
31340,2022-09-26,Vacuum cleaner,258$
31354,2022-09-26,Laptop,3111
31359,2022-09-26,Phone,882
31404,2022-09-26,Laptop,2081
31421,2022-09-26,Microwave oven,288
31442,2022-09-26,coffee machine,671
31443,2022-09-26,coffee machine,2815
31445,2022-09-26,Microwave oven,279$
31460,2022-09-26,coffee machine,921
31478,2022-09-26,Vacuum cleaner,597
31492,2022-09-26,Phone,482
31519,2022-09-26,Laptop,2316$
31550,2022-09-26,TV,1942
31560,2022-09-26,Microwave oven,266
31595,2022-09-26,Phone,1195
31646,2022-09-26,Vacuum cleaner,139
31647,2022-09-26,Vacuum cleaner,462
31652,2022-09-26,Vacuum cleaner,682
31672,2022-09-26,Microwave oven,144
31712,2022-09-26,Phone,189
31724,2022-09-26,TV,1556
31745,2022-09-26,Laptop,1157$
31771,2022-09-26,Laptop,917
31785,2022-09-26,Vacuum cleaner,315
31793,2022-09-26,coffee machine,2317
31804,2022-09-26,Phone,1355
31834,2022-09-26,coffee machine,3759
31838,2022-09-26,Vacuum cleaner,651
31874,2022-09-26,Vacuum cleaner,763
31878,2022-09-26,coffee machine,2787
31903,2022-09-26,Microwave oven,459
31913,2022-09-26,Phone,207
31924,2022-09-26,Vacuum cleaner,646
32001,2022-09-26,TV,1505
32022,2022-09-26,Microwave oven,489$
32031,2022-09-26,TV,609
32058,2022-09-26,TV,1192
32071,2022-09-26,TV,857$
32088,2022-09-26,Phone,1170
32143,2022-09-26,Laptop,536$
32183,2022-09-26,Phone,1218
32210,2022-09-26,Laptop,1904$
32237,2022-09-26,Vacuum cleaner,350
32243,2022-09-26,TV,819$
32254,2022-09-26,TV,2314
32260,2022-09-26,Phone,972$
32277,2022-09-26,TV,1615
32291,2022-09-26,coffee machine,2666
32344,2022-09-26,TV,1903
32346,2022-09-26,Laptop,1387
32351,2022-09-26,TV,1879
32367,2022-09-26,Vacuum cleaner,646
32371,2022-09-26,Microwave oven,446
32398,2022-09-26,Microwave oven,417$
32419,2022-09-26,Microwave oven,359
32426,2022-09-26,TV,1635$
32440,2022-09-26,Microwave oven,215
32442,2022-09-26,coffee machine,3077
32464,2022-09-26,Laptop,672$
32475,2022-09-26,Vacuum cleaner,731
32486,2022-09-26,Microwave oven,161
32520,2022-09-26,Microwave oven,557
32567,2022-09-26,Microwave oven,415
32585,2022-09-26,Vacuum cleaner,258
32593,2022-09-26,Phone,760$
32606,2022-09-26,Microwave oven,554
32609,2022-09-26,Microwave oven,289
32611,2022-09-26,Microwave oven,404
32616,2022-09-26,coffee machine,4643$
32617,2022-09-26,Vacuum cleaner,190
32628,2022-09-26,Laptop,643$
32647,2022-09-26,Phone,891
32653,2022-09-26,Phone,978
32659,2022-09-26,Laptop,1763$
32663,2022-09-26,Microwave oven,326
32693,2022-09-26,coffee machine,3120
32707,2022-09-26,Phone,1026$
32721,2022-09-26,Microwave oven,269
32745,2022-09-26,Vacuum cleaner,710
32803,2022-09-26,coffee machine,4943
32804,2022-09-26,Vacuum cleaner,478$
32815,2022-09-26,Microwave oven,376
32871,2022-09-26,Phone,1064
32927,2022-09-26,coffee machine,2312
32980,2022-09-26,Vacuum cleaner,353
33034,2022-09-26,TV,1258
33036,2022-09-26,TV,1218
33039,2022-09-26,Phone,346
33046,2022-09-26,Phone,169
33063,2022-09-26,Phone,481
33073,2022-09-26,TV,1357
33073,2022-09-26,Phone,582
33078,2022-09-26,TV,1993
33080,2022-09-26,Phone,623
33186,2022-09-26,TV,2259$
33195,2022-09-26,Microwave oven,341
33208,2022-09-26,Laptop,3049
33314,2022-09-26,TV,1922
33324,2022-09-26,Laptop,800
33328,2022-09-26,Laptop,1230
33369,2022-09-26,Microwave oven,297
33432,2022-09-26,coffee machine,3873
33435,2022-09-26,Microwave oven,281
33448,2022-09-26,coffee machine,4843
33451,2022-09-26,coffee machine,3424$
33462,2022-09-26,TV,2460
33513,2022-09-26,coffee machine,408
33528,2022-09-26,Phone,1065
33530,2022-09-26,Vacuum cleaner,794
33532,2022-09-26,coffee machine,1723$
33561,2022-09-26,Phone,531
33570,2022-09-26,Microwave oven,518
33577,2022-09-26,TV,2421$
33592,2022-09-26,coffee machine,2226
33598,2022-09-26,Microwave oven,529
33624,2022-09-26,Microwave oven,585
33644,2022-09-26,TV,2307
33688,2022-09-26,Vacuum cleaner,142
33689,2022-09-26,coffee machine,1831
33692,2022-09-26,Vacuum cleaner,432
33693,2022-09-26,Vacuum cleaner,589
33708,2022-09-26,Phone,200
33710,2022-09-26,Microwave oven,541
33762,2022-09-26,TV,1021$
33772,2022-09-26,Vacuum cleaner,231$
33778,2022-09-26,Laptop,3269
33779,2022-09-26,Laptop,1590$
33809,2022-09-26,coffee machine,1343
33917,2022-09-26,Vacuum cleaner,442$
33957,2022-09-26,Microwave oven,535
33975,2022-09-26,coffee machine,4773
33981,2022-09-26,TV,1851
34046,2022-09-26,Vacuum cleaner,310
34075,2022-09-26,Laptop,2008
34083,2022-09-26,TV,2051$
34084,2022-09-26,Laptop,1686
34119,2022-09-26,Vacuum cleaner,745
34123,2022-09-26,Vacuum cleaner,715
34124,2022-09-26,Microwave oven,350
34133,2022-09-26,Vacuum cleaner,144
34150,2022-09-26,Phone,731$
34187,2022-09-26,Vacuum cleaner,437
34207,2022-09-26,Laptop,3251
34224,2022-09-26,coffee machine,4753
34224,2022-09-26,Laptop,2856
34251,2022-09-26,coffee machine,1037
34271,2022-09-26,Vacuum cleaner,739$
34273,2022-09-26,coffee machine,671
34296,2022-09-26,coffee machine,4606$
34297,2022-09-26,Microwave oven,591
34352,2022-09-26,Microwave oven,574
34384,2022-09-26,TV,1634
34419,2022-09-26,coffee machine,3237
34421,2022-09-26,Microwave oven,230
34458,2022-09-26,Laptop,649$
34479,2022-09-26,Phone,573
34480,2022-09-26,coffee machine,3867
34488,2022-09-26,TV,1912
34514,2022-09-26,Phone,706
34514,2022-09-26,Microwave oven,257
34529,2022-09-26,Microwave oven,469
34539,2022-09-26,coffee machine,2139$
34562,2022-09-26,Laptop,899
34568,2022-09-26,Microwave oven,364
34601,2022-09-26,TV,2277
34656,2022-09-26,Vacuum cleaner,674
34680,2022-09-26,Microwave oven,562
34694,2022-09-26,Vacuum cleaner,195
34705,2022-09-26,Vacuum cleaner,223
34743,2022-09-26,TV,1679
34756,2022-09-26,Laptop,973
34756,2022-09-26,coffee machine,4518
34774,2022-09-26,Phone,1071
34796,2022-09-26,Vacuum cleaner,664$
34831,2022-09-26,Laptop,1464
34855,2022-09-26,TV,738
34889,2022-09-26,Laptop,1727
34895,2022-09-26,Vacuum cleaner,385
34905,2022-09-26,Vacuum cleaner,576
34918,2022-09-26,Vacuum cleaner,718
34928,2022-09-26,Vacuum cleaner,187$
34963,2022-09-26,Laptop,2226
35002,2022-09-26,Phone,487
35008,2022-09-26,TV,2202
35018,2022-09-26,Microwave oven,128
35043,2022-09-26,Vacuum cleaner,94$
35051,2022-09-26,Laptop,1616
35069,2022-09-26,Phone,629$
35073,2022-09-26,coffee machine,2153
35081,2022-09-26,Phone,1298
35100,2022-09-26,TV,2180
35146,2022-09-26,Phone,1455
35155,2022-09-26,TV,1991
35195,2022-09-26,coffee machine,2008
35226,2022-09-26,Laptop,1283
35234,2022-09-26,TV,2429$
35254,2022-09-26,TV,1590$
35277,2022-09-26,Phone,1239
35304,2022-09-26,Laptop,1572
35327,2022-09-26,Laptop,3103
35339,2022-09-26,coffee machine,4985
35351,2022-09-26,Phone,822
35351,2022-09-26,Laptop,2136
35372,2022-09-26,Microwave oven,377
35414,2022-09-26,Microwave oven,301
35467,2022-09-26,Phone,496
35550,2022-09-26,TV,1374
35563,2022-09-26,TV,1040
35585,2022-09-26,TV,614
35619,2022-09-26,Vacuum cleaner,428
35626,2022-09-26,Phone,527
35644,2022-09-26,coffee machine,3266
35659,2022-09-26,Vacuum cleaner,682$
35661,2022-09-26,Phone,1023
35684,2022-09-26,Phone,403
35721,2022-09-26,Laptop,2907
35743,2022-09-26,Laptop,579
35773,2022-09-26,Microwave oven,460
35776,2022-09-26,Laptop,3174
35799,2022-09-26,Laptop,3079
35895,2022-09-26,TV,1464
35914,2022-09-26,Vacuum cleaner,316$
35924,2022-09-26,TV,1764$
35942,2022-09-26,TV,2148
35972,2022-09-26,Phone,1201
35995,2022-09-26,Phone,1093$
35998,2022-09-26,TV,1940
36023,2022-09-26,Vacuum cleaner,124
36037,2022-09-26,Microwave oven,309
36042,2022-09-26,coffee machine,911
36067,2022-09-26,Vacuum cleaner,279
36084,2022-09-26,Laptop,1945$
36091,2022-09-26,Microwave oven,298
36091,2022-09-26,coffee machine,575
36097,2022-09-26,coffee machine,1111$
36129,2022-09-26,Vacuum cleaner,269
36167,2022-09-26,Laptop,1947
36185,2022-09-26,Microwave oven,403
36186,2022-09-26,Vacuum cleaner,134$
36210,2022-09-26,Laptop,994
36213,2022-09-26,coffee machine,4010
36217,2022-09-26,Laptop,3303
36230,2022-09-26,Phone,434
36250,2022-09-26,coffee machine,1524
36255,2022-09-26,Microwave oven,166
36298,2022-09-26,Laptop,908$
36321,2022-09-26,Vacuum cleaner,748$
36325,2022-09-26,coffee machine,3499
36336,2022-09-26,TV,2494
36346,2022-09-26,coffee machine,467
36354,2022-09-26,Phone,1222
36360,2022-09-26,TV,1050
36368,2022-09-26,TV,1118
36398,2022-09-26,Vacuum cleaner,581
36474,2022-09-26,Microwave oven,328
36477,2022-09-26,coffee machine,1284
36488,2022-09-26,Vacuum cleaner,295
36488,2022-09-26,coffee machine,1236
36548,2022-09-26,Microwave oven,186
36574,2022-09-26,Laptop,758
36628,2022-09-26,TV,680$
36651,2022-09-26,Phone,199
36673,2022-09-26,TV,1258
36703,2022-09-26,Microwave oven,263
36718,2022-09-26,Microwave oven,182
36726,2022-09-26,coffee machine,472
36738,2022-09-26,TV,2372$
36757,2022-09-26,Microwave oven,180
36760,2022-09-26,TV,2201
36784,2022-09-26,TV,1971
36790,2022-09-26,Vacuum cleaner,699$
36806,2022-09-26,Laptop,3294
36849,2022-09-26,coffee machine,1110
36935,2022-09-26,Laptop,3107
36939,2022-09-26,TV,1640
36977,2022-09-26,TV,1764
36983,2022-09-26,Vacuum cleaner,367
37042,2022-09-26,TV,1901
37048,2022-09-26,Laptop,1596
37050,2022-09-26,TV,1883
37053,2022-09-26,Microwave oven,260
37080,2022-09-26,Microwave oven,268
37089,2022-09-26,coffee machine,1317
37104,2022-09-26,TV,572
37106,2022-09-26,coffee machine,1814
37115,2022-09-26,coffee machine,1829$
37155,2022-09-26,Microwave oven,492
37157,2022-09-26,Microwave oven,542
37160,2022-09-26,Microwave oven,516
37182,2022-09-26,Microwave oven,250$
37185,2022-09-26,Vacuum cleaner,263
37199,2022-09-26,Vacuum cleaner,111
37210,2022-09-26,Phone,1394$
37213,2022-09-26,Phone,1195
37232,2022-09-26,Vacuum cleaner,96
37257,2022-09-26,TV,2164$
37265,2022-09-26,coffee machine,4136
37268,2022-09-26,Microwave oven,312
37295,2022-09-26,TV,739
37339,2022-09-26,Microwave oven,207$
37346,2022-09-26,Laptop,1174$
37384,2022-09-26,coffee machine,2057
37413,2022-09-26,Vacuum cleaner,245
37445,2022-09-26,Vacuum cleaner,799
37449,2022-09-26,Vacuum cleaner,704
37449,2022-09-26,coffee machine,2797$
37454,2022-09-26,Laptop,3205
37455,2022-09-26,TV,1527
37531,2022-09-26,Laptop,3373
37546,2022-09-26,Vacuum cleaner,718
37552,2022-09-26,TV,1652
37595,2022-09-26,Microwave oven,268
37619,2022-09-26,Laptop,755
37644,2022-09-26,Laptop,531
37665,2022-09-26,TV,2046$
37676,2022-09-26,Microwave oven,356
37691,2022-09-26,TV,1185
37698,2022-09-26,TV,1747$
37710,2022-09-26,Phone,1433
37731,2022-09-26,Microwave oven,350
37744,2022-09-26,Microwave oven,304$
37773,2022-09-26,Phone,831$
37780,2022-09-26,coffee machine,2627
37806,2022-09-26,TV,622$
37833,2022-09-26,Vacuum cleaner,349
37847,2022-09-26,coffee machine,3790$
37851,2022-09-26,Phone,317
37943,2022-09-26,Vacuum cleaner,528
37951,2022-09-26,Vacuum cleaner,190
37974,2022-09-26,Microwave oven,386
37984,2022-09-26,coffee machine,4497$
37986,2022-09-26,Microwave oven,133
37986,2022-09-26,coffee machine,1408$
37989,2022-09-26,Microwave oven,501
37995,2022-09-26,Laptop,621
38020,2022-09-26,Microwave oven,468
38074,2022-09-26,TV,1095
38075,2022-09-26,TV,1257
38094,2022-09-26,coffee machine,2782
38139,2022-09-26,Laptop,1346
38158,2022-09-26,Vacuum cleaner,404
38162,2022-09-26,Laptop,1682
38164,2022-09-26,Phone,1237
38193,2022-09-26,Microwave oven,559
38199,2022-09-26,Microwave oven,295
38202,2022-09-26,Microwave oven,238$
38235,2022-09-26,Laptop,3456
38244,2022-09-26,Vacuum cleaner,248
38262,2022-09-26,coffee machine,4236$
38268,2022-09-26,Vacuum cleaner,142
38311,2022-09-26,TV,1203
38323,2022-09-26,Vacuum cleaner,138
38330,2022-09-26,Laptop,706
38350,2022-09-26,Vacuum cleaner,758
38356,2022-09-26,Phone,295$
38415,2022-09-26,Microwave oven,271
38431,2022-09-26,Laptop,1461
38515,2022-09-26,TV,1775
38516,2022-09-26,Laptop,2921
38523,2022-09-26,Vacuum cleaner,459
38523,2022-09-26,Microwave oven,292
38564,2022-09-26,Laptop,2387
38624,2022-09-26,TV,1599$
38631,2022-09-26,Laptop,2349
38633,2022-09-26,Phone,959
38643,2022-09-26,TV,2090
38660,2022-09-26,Microwave oven,166
38665,2022-09-26,Phone,511
38691,2022-09-26,coffee machine,3758
38725,2022-09-26,Laptop,753
38732,2022-09-26,Microwave oven,514$
38790,2022-09-26,Phone,900
38808,2022-09-26,Microwave oven,427
38818,2022-09-26,Microwave oven,567
38827,2022-09-26,Vacuum cleaner,457
38869,2022-09-26,TV,2263$
38899,2022-09-26,TV,2071
38915,2022-09-26,Vacuum cleaner,181$
38935,2022-09-26,Phone,333
38954,2022-09-26,TV,1606$
38961,2022-09-26,coffee machine,2778
38966,2022-09-26,TV,1869$
38971,2022-09-26,Laptop,2338
38976,2022-09-26,Vacuum cleaner,424
39011,2022-09-26,TV,2168
39084,2022-09-26,Microwave oven,280$
39136,2022-09-26,Vacuum cleaner,411
39152,2022-09-26,Laptop,3089
39153,2022-09-26,Microwave oven,239
39164,2022-09-26,Phone,1008
39185,2022-09-26,Vacuum cleaner,595
39205,2022-09-26,coffee machine,2732$
39212,2022-09-26,Phone,450
39213,2022-09-26,Phone,1132$
39225,2022-09-26,TV,1122
39226,2022-09-26,Vacuum cleaner,477
39263,2022-09-26,Phone,1393
39283,2022-09-26,Phone,775
39287,2022-09-26,Vacuum cleaner,320
39318,2022-09-26,Vacuum cleaner,548
39366,2022-09-26,Laptop,3341
39382,2022-09-26,Microwave oven,310
39386,2022-09-26,Vacuum cleaner,260
39400,2022-09-26,TV,1183
39406,2022-09-26,Phone,474
39469,2022-09-26,Vacuum cleaner,551
39500,2022-09-26,Phone,171
39510,2022-09-26,Vacuum cleaner,627
39520,2022-09-26,Laptop,2611
39526,2022-09-26,TV,2345
39565,2022-09-26,Laptop,2098
39568,2022-09-26,Vacuum cleaner,486
39595,2022-09-26,Phone,349
39615,2022-09-26,Vacuum cleaner,646
39620,2022-09-26,Microwave oven,242
39654,2022-09-26,TV,767
39789,2022-09-26,Phone,680
39802,2022-09-26,Vacuum cleaner,235
39805,2022-09-26,Vacuum cleaner,153
39818,2022-09-26,Microwave oven,270
39828,2022-09-26,Vacuum cleaner,191
39856,2022-09-26,Phone,882
39866,2022-09-26,Phone,911
39908,2022-09-26,Phone,463
39990,2022-09-26,coffee machine,4310
39992,2022-09-26,Vacuum cleaner,736
40004,2022-09-26,Vacuum cleaner,315$
40011,2022-09-26,Microwave oven,553
40030,2022-09-26,Phone,1418
40041,2022-09-26,coffee machine,713
40078,2022-09-26,Microwave oven,504
40096,2022-09-26,Phone,1202
40110,2022-09-26,coffee machine,1681$
40123,2022-09-26,Microwave oven,519
40125,2022-09-26,Microwave oven,455
40138,2022-09-26,Laptop,1545
40143,2022-09-26,Phone,307
40192,2022-09-26,Vacuum cleaner,624
40197,2022-09-26,TV,1736
40210,2022-09-26,Laptop,1198
40219,2022-09-26,Microwave oven,123
40251,2022-09-26,Microwave oven,213
40296,2022-09-26,coffee machine,4656
40335,2022-09-26,Vacuum cleaner,201
40365,2022-09-26,Vacuum cleaner,549
40372,2022-09-26,Microwave oven,300$
40376,2022-09-26,Microwave oven,463
40482,2022-09-26,Microwave oven,178
40499,2022-09-26,Phone,764
40515,2022-09-26,Vacuum cleaner,208
40519,2022-09-26,TV,2065
40540,2022-09-26,Laptop,1432$
40542,2022-09-26,Laptop,2977
40549,2022-09-26,Phone,1274$
40561,2022-09-26,Phone,1177
40634,2022-09-26,coffee machine,3224$
40645,2022-09-26,coffee machine,3921
40684,2022-09-26,coffee machine,3469
40694,2022-09-26,Phone,970
40694,2022-09-26,Laptop,517
40739,2022-09-26,TV,1589
40767,2022-09-26,Vacuum cleaner,589
40834,2022-09-26,Laptop,2991$
40839,2022-09-26,coffee machine,539
40850,2022-09-26,Vacuum cleaner,308
40893,2022-09-26,Laptop,3160
40917,2022-09-26,Microwave oven,417
40950,2022-09-26,Vacuum cleaner,562$
40958,2022-09-26,Phone,330$
40984,2022-09-26,Microwave oven,542
40995,2022-09-26,Phone,474$
41028,2022-09-26,Vacuum cleaner,125
41058,2022-09-26,Vacuum cleaner,277
41075,2022-09-26,Vacuum cleaner,340
41110,2022-09-26,coffee machine,3432
41113,2022-09-26,Vacuum cleaner,384$
41117,2022-09-26,TV,2031
41124,2022-09-26,Laptop,2040
41135,2022-09-26,TV,892
41167,2022-09-26,TV,2371$
41184,2022-09-26,Vacuum cleaner,371
41207,2022-09-26,TV,2463
41226,2022-09-26,Laptop,2658
41248,2022-09-26,Phone,257
41288,2022-09-26,coffee machine,866
41292,2022-09-26,TV,1855
41304,2022-09-26,coffee machine,2210
41307,2022-09-26,Vacuum cleaner,147$
41314,2022-09-26,coffee machine,2491
41336,2022-09-26,coffee machine,4959
41340,2022-09-26,Phone,732
41366,2022-09-26,coffee machine,4670
41371,2022-09-26,coffee machine,764$
41378,2022-09-26,Laptop,2940
41402,2022-09-26,Phone,328
41412,2022-09-26,Laptop,1643
41417,2022-09-26,coffee machine,2594
41426,2022-09-26,Microwave oven,230
41452,2022-09-26,TV,708
41503,2022-09-26,TV,1140
41518,2022-09-26,TV,1359
41530,2022-09-26,TV,1221$
41554,2022-09-26,Vacuum cleaner,435
41570,2022-09-26,Laptop,2245
41608,2022-09-26,Laptop,1710
41645,2022-09-26,Phone,389
41654,2022-09-26,Vacuum cleaner,785
41674,2022-09-26,TV,2438
41701,2022-09-26,TV,2367
41711,2022-09-26,coffee machine,3594$
41726,2022-09-26,Microwave oven,421
41744,2022-09-26,Phone,421
41764,2022-09-26,coffee machine,4035
41777,2022-09-26,Laptop,785$
41806,2022-09-26,Microwave oven,408
41823,2022-09-26,Phone,218
41825,2022-09-26,Laptop,1260$
41861,2022-09-26,Vacuum cleaner,390
41876,2022-09-26,TV,1551
41881,2022-09-26,Laptop,2266$
41894,2022-09-26,coffee machine,3764
41910,2022-09-26,Phone,504
41937,2022-09-26,Phone,888
41949,2022-09-26,coffee machine,2428$
42020,2022-09-26,Laptop,1179
42059,2022-09-26,Phone,920
42096,2022-09-26,Laptop,2834
42111,2022-09-26,Laptop,2001$
42144,2022-09-26,Laptop,1990
42163,2022-09-26,Microwave oven,414
42164,2022-09-26,Vacuum cleaner,638
42173,2022-09-26,TV,2143
42221,2022-09-26,Microwave oven,172
42265,2022-09-26,Phone,1306$
42289,2022-09-26,coffee machine,3684
42342,2022-09-26,coffee machine,1685$
42353,2022-09-26,Laptop,1838$
42358,2022-09-26,Vacuum cleaner,677$
42420,2022-09-26,Microwave oven,516$
42437,2022-09-26,Vacuum cleaner,448
42468,2022-09-26,coffee machine,1290
42472,2022-09-26,Laptop,1191
42503,2022-09-26,Laptop,1706$
42506,2022-09-26,Vacuum cleaner,267
42522,2022-09-26,Vacuum cleaner,626$
42525,2022-09-26,Phone,1044
42557,2022-09-26,TV,884
42582,2022-09-26,coffee machine,3387
42609,2022-09-26,TV,1947
42611,2022-09-26,coffee machine,2262
42661,2022-09-26,Laptop,1883
42673,2022-09-26,Vacuum cleaner,781
42685,2022-09-26,coffee machine,2226
42689,2022-09-26,Phone,670
42704,2022-09-26,Microwave oven,214
42712,2022-09-26,Vacuum cleaner,537$
42724,2022-09-26,coffee machine,4580
42799,2022-09-26,Microwave oven,134$
42805,2022-09-26,Phone,876
42827,2022-09-26,Microwave oven,463$
42860,2022-09-26,coffee machine,2951$
42875,2022-09-26,Vacuum cleaner,230
42886,2022-09-26,Vacuum cleaner,662
42972,2022-09-26,TV,2041
42994,2022-09-26,Phone,533
43038,2022-09-26,Phone,549
43056,2022-09-26,Laptop,3086
43067,2022-09-26,coffee machine,3432$
43068,2022-09-26,TV,1482
43083,2022-09-26,Phone,617
43087,2022-09-26,Microwave oven,467
43096,2022-09-26,Vacuum cleaner,185$
43098,2022-09-26,TV,1736
43110,2022-09-26,Vacuum cleaner,145
43117,2022-09-26,TV,1232
43120,2022-09-26,Laptop,2075
43138,2022-09-26,coffee machine,3173
43160,2022-09-26,Vacuum cleaner,314
43184,2022-09-26,Microwave oven,367
43235,2022-09-26,Laptop,2366
43251,2022-09-26,TV,1436$
43258,2022-09-26,coffee machine,3711
43261,2022-09-26,coffee machine,1842
43314,2022-09-26,TV,2229
43319,2022-09-26,Laptop,2770
43332,2022-09-26,TV,906
43358,2022-09-26,Vacuum cleaner,238
43373,2022-09-26,Laptop,1218$
43377,2022-09-26,Phone,414
43378,2022-09-26,coffee machine,1359$
43415,2022-09-26,Vacuum cleaner,431
43419,2022-09-26,coffee machine,2181
43425,2022-09-26,Vacuum cleaner,667
43457,2022-09-26,coffee machine,2417
43505,2022-09-26,Laptop,1782
43529,2022-09-26,TV,1508
43605,2022-09-26,coffee machine,3680
43607,2022-09-26,TV,1551
43619,2022-09-26,TV,803
43647,2022-09-26,coffee machine,1458
43649,2022-09-26,Phone,1446$
43654,2022-09-26,TV,1482
43677,2022-09-26,Microwave oven,167
43699,2022-09-26,Phone,1041$
43735,2022-09-26,Phone,585
43753,2022-09-26,Vacuum cleaner,102
43755,2022-09-26,Vacuum cleaner,376
43819,2022-09-26,TV,785
43836,2022-09-26,TV,2301
43841,2022-09-26,Microwave oven,230$
43842,2022-09-26,Microwave oven,428
43844,2022-09-26,TV,1635
43847,2022-09-26,Vacuum cleaner,718
43863,2022-09-26,TV,1039
43871,2022-09-26,TV,1886
43879,2022-09-26,Vacuum cleaner,234
43896,2022-09-26,Laptop,3055$
43994,2022-09-26,Phone,297
43995,2022-09-26,Phone,891
44008,2022-09-26,coffee machine,1102
44019,2022-09-26,Laptop,1237
44044,2022-09-26,coffee machine,4043
44049,2022-09-26,Vacuum cleaner,418
44068,2022-09-26,TV,633
44103,2022-09-26,Phone,735$
44117,2022-09-26,Vacuum cleaner,628
44130,2022-09-26,Microwave oven,419
44142,2022-09-26,Phone,271$
44156,2022-09-26,Phone,302
44175,2022-09-26,coffee machine,4664
44177,2022-09-26,Laptop,3216
44184,2022-09-26,Phone,654$
44185,2022-09-26,TV,906
44186,2022-09-26,Vacuum cleaner,469
44188,2022-09-26,Laptop,2158
44239,2022-09-26,coffee machine,4437$
44256,2022-09-26,coffee machine,740
44277,2022-09-26,Vacuum cleaner,789
44287,2022-09-26,Laptop,737$
44289,2022-09-26,Microwave oven,192
44291,2022-09-26,Laptop,1170
44325,2022-09-26,Laptop,3188
44326,2022-09-26,TV,899
44343,2022-09-26,Laptop,2430
44347,2022-09-26,coffee machine,2364
44350,2022-09-26,Phone,823$
44367,2022-09-26,coffee machine,2783
44376,2022-09-26,coffee machine,3485
44392,2022-09-26,coffee machine,1555
44409,2022-09-26,Microwave oven,253
44436,2022-09-26,TV,1478
44470,2022-09-26,Laptop,1475
44488,2022-09-26,coffee machine,151
44517,2022-09-26,Microwave oven,262
44528,2022-09-26,Vacuum cleaner,103
44551,2022-09-26,TV,2131
44592,2022-09-26,Phone,511
44596,2022-09-26,Phone,1491$
44614,2022-09-26,Vacuum cleaner,217
44630,2022-09-26,Vacuum cleaner,526
44680,2022-09-26,coffee machine,458
44682,2022-09-26,Vacuum cleaner,315$
44741,2022-09-26,Microwave oven,222
44774,2022-09-26,Phone,696$
44816,2022-09-26,Phone,1192
44820,2022-09-26,coffee machine,2166
44831,2022-09-26,Phone,688$
44853,2022-09-26,coffee machine,3820
44861,2022-09-26,Laptop,715
44946,2022-09-26,TV,1587$
44973,2022-09-26,Vacuum cleaner,251
44973,2022-09-26,coffee machine,3174
44993,2022-09-26,Microwave oven,282
45000,2022-09-26,Microwave oven,463
45021,2022-09-26,Laptop,1883
45040,2022-09-26,Vacuum cleaner,651
45043,2022-09-26,coffee machine,3825$
45047,2022-09-26,coffee machine,3407
45075,2022-09-26,Microwave oven,117
45081,2022-09-26,Microwave oven,227$
45095,2022-09-26,Laptop,853
45146,2022-09-26,Microwave oven,276$
45158,2022-09-26,coffee machine,2762
45184,2022-09-26,Laptop,1735
45191,2022-09-26,Phone,551
45196,2022-09-26,Laptop,2871$
45253,2022-09-26,coffee machine,1749
45258,2022-09-26,TV,1771$
45259,2022-09-26,Microwave oven,132$
45283,2022-09-26,coffee machine,2214
45297,2022-09-26,Laptop,2998$
45326,2022-09-26,TV,1220
45416,2022-09-26,Laptop,2285
45430,2022-09-26,Phone,632
45432,2022-09-26,Phone,552
45441,2022-09-26,TV,2007
45454,2022-09-26,Microwave oven,167
45502,2022-09-26,Laptop,2035
45546,2022-09-26,Vacuum cleaner,783$
45581,2022-09-26,Vacuum cleaner,446
45600,2022-09-26,Microwave oven,206$
45606,2022-09-26,coffee machine,148
45607,2022-09-26,Phone,938$
45629,2022-09-26,TV,827$
45639,2022-09-26,Microwave oven,207
45663,2022-09-26,Vacuum cleaner,720
45679,2022-09-26,Laptop,2285
45719,2022-09-26,Phone,1281
45725,2022-09-26,Vacuum cleaner,149$
45751,2022-09-26,coffee machine,212
45756,2022-09-26,TV,2203
45805,2022-09-26,Phone,1006
45807,2022-09-26,Vacuum cleaner,613
45810,2022-09-26,coffee machine,2742
45838,2022-09-26,TV,2113
45846,2022-09-26,Vacuum cleaner,559
45856,2022-09-26,Vacuum cleaner,516
45872,2022-09-26,coffee machine,914
45916,2022-09-26,Laptop,2975
45931,2022-09-26,Laptop,687
45932,2022-09-26,Laptop,1359$
45984,2022-09-26,Phone,545$
45992,2022-09-26,Phone,288$
46031,2022-09-26,Laptop,2325
46049,2022-09-26,Laptop,3353
46100,2022-09-26,Phone,377
46113,2022-09-26,Vacuum cleaner,140
46145,2022-09-26,Microwave oven,364$
46200,2022-09-26,Vacuum cleaner,708
46211,2022-09-26,Microwave oven,417$
46215,2022-09-26,Laptop,1625
46253,2022-09-26,Microwave oven,159
46286,2022-09-26,Vacuum cleaner,506
46287,2022-09-26,Laptop,1029
46318,2022-09-26,Microwave oven,152
46436,2022-09-26,Microwave oven,271
46454,2022-09-26,Microwave oven,447
46462,2022-09-26,TV,768
46463,2022-09-26,coffee machine,172
46470,2022-09-26,coffee machine,1734
46506,2022-09-26,Phone,1095$
46508,2022-09-26,Laptop,2132
46524,2022-09-26,Phone,343
46555,2022-09-26,TV,789
46571,2022-09-26,Laptop,2904
46588,2022-09-26,TV,2159
46607,2022-09-26,Microwave oven,557
46667,2022-09-26,Phone,950
46724,2022-09-26,coffee machine,148
46804,2022-09-26,coffee machine,1293
46821,2022-09-26,Vacuum cleaner,761
46837,2022-09-26,TV,1820
46838,2022-09-26,coffee machine,125
46842,2022-09-26,Vacuum cleaner,275
46851,2022-09-26,Microwave oven,119
46853,2022-09-26,Microwave oven,545
46855,2022-09-26,Microwave oven,347
46860,2022-09-26,Vacuum cleaner,255
46875,2022-09-26,Microwave oven,520$
46880,2022-09-26,Laptop,2204
46897,2022-09-26,Vacuum cleaner,345
46932,2022-09-26,Vacuum cleaner,605
46933,2022-09-26,Vacuum cleaner,368
46982,2022-09-26,Phone,1258
47015,2022-09-26,Microwave oven,461
47084,2022-09-26,coffee machine,796$
47104,2022-09-26,Laptop,1570
47106,2022-09-26,Phone,158
47115,2022-09-26,TV,1020
47147,2022-09-26,Vacuum cleaner,465
47171,2022-09-26,Phone,243$
47184,2022-09-26,Phone,250
47196,2022-09-26,TV,809$
47205,2022-09-26,Microwave oven,229
47218,2022-09-26,TV,1396
47291,2022-09-26,Phone,533
47320,2022-09-26,Vacuum cleaner,519
47323,2022-09-26,Phone,849
47369,2022-09-26,Phone,1354
47398,2022-09-26,Vacuum cleaner,428
47403,2022-09-26,Laptop,2736$
47423,2022-09-26,Vacuum cleaner,337
47434,2022-09-26,coffee machine,660$
47436,2022-09-26,coffee machine,3386
47447,2022-09-26,Microwave oven,217
