city_id,city,country_id,last_update
1,A Corua (La Corua),87,2022-02-15 09:45:25.000000 +00:00
2,Abha,82,2022-02-15 09:45:25.000000 +00:00
3,Abu Dhabi,101,2022-02-15 09:45:25.000000 +00:00
4,Acua,60,2022-02-15 09:45:25.000000 +00:00
5,Adana,97,2022-02-15 09:45:25.000000 +00:00
6,Addis Abeba,31,2022-02-15 09:45:25.000000 +00:00
7,Aden,107,2022-02-15 09:45:25.000000 +00:00
8,Adoni,44,2022-02-15 09:45:25.000000 +00:00
9,Ahmadnagar,44,2022-02-15 09:45:25.000000 +00:00
10,Akishima,50,2022-02-15 09:45:25.000000 +00:00
11,Akron,103,2022-02-15 09:45:25.000000 +00:00
12,al-Ayn,101,2022-02-15 09:45:25.000000 +00:00
13,al-Hawiya,82,2022-02-15 09:45:25.000000 +00:00
14,al-Manama,11,2022-02-15 09:45:25.000000 +00:00
15,al-Qadarif,89,2022-02-15 09:45:25.000000 +00:00
16,al-Qatif,82,2022-02-15 09:45:25.000000 +00:00
17,Alessandria,49,2022-02-15 09:45:25.000000 +00:00
18,Allappuzha (Alleppey),44,2022-02-15 09:45:25.000000 +00:00
19,Allende,60,2022-02-15 09:45:25.000000 +00:00
20,Almirante Brown,6,2022-02-15 09:45:25.000000 +00:00
21,Alvorada,15,2022-02-15 09:45:25.000000 +00:00
22,Ambattur,44,2022-02-15 09:45:25.000000 +00:00
23,Amersfoort,67,2022-02-15 09:45:25.000000 +00:00
24,Amroha,44,2022-02-15 09:45:25.000000 +00:00
25,Angra dos Reis,15,2022-02-15 09:45:25.000000 +00:00
26,Anpolis,15,2022-02-15 09:45:25.000000 +00:00
27,Antofagasta,22,2022-02-15 09:45:25.000000 +00:00
28,Aparecida de Goinia,15,2022-02-15 09:45:25.000000 +00:00
29,Apeldoorn,67,2022-02-15 09:45:25.000000 +00:00
30,Araatuba,15,2022-02-15 09:45:25.000000 +00:00
31,Arak,46,2022-02-15 09:45:25.000000 +00:00
32,Arecibo,77,2022-02-15 09:45:25.000000 +00:00
33,Arlington,103,2022-02-15 09:45:25.000000 +00:00
34,Ashdod,48,2022-02-15 09:45:25.000000 +00:00
35,Ashgabat,98,2022-02-15 09:45:25.000000 +00:00
36,Ashqelon,48,2022-02-15 09:45:25.000000 +00:00
37,Asuncin,73,2022-02-15 09:45:25.000000 +00:00
38,Athenai,39,2022-02-15 09:45:25.000000 +00:00
39,Atinsk,80,2022-02-15 09:45:25.000000 +00:00
40,Atlixco,60,2022-02-15 09:45:25.000000 +00:00
41,Augusta-Richmond County,103,2022-02-15 09:45:25.000000 +00:00
42,Aurora,103,2022-02-15 09:45:25.000000 +00:00
43,Avellaneda,6,2022-02-15 09:45:25.000000 +00:00
44,Bag,15,2022-02-15 09:45:25.000000 +00:00
45,Baha Blanca,6,2022-02-15 09:45:25.000000 +00:00
46,Baicheng,23,2022-02-15 09:45:25.000000 +00:00
47,Baiyin,23,2022-02-15 09:45:25.000000 +00:00
48,Baku,10,2022-02-15 09:45:25.000000 +00:00
49,Balaiha,80,2022-02-15 09:45:25.000000 +00:00
50,Balikesir,97,2022-02-15 09:45:25.000000 +00:00
51,Balurghat,44,2022-02-15 09:45:25.000000 +00:00
52,Bamenda,19,2022-02-15 09:45:25.000000 +00:00
53,Bandar Seri Begawan,16,2022-02-15 09:45:25.000000 +00:00
54,Banjul,37,2022-02-15 09:45:25.000000 +00:00
55,Barcelona,104,2022-02-15 09:45:25.000000 +00:00
56,Basel,91,2022-02-15 09:45:25.000000 +00:00
57,Bat Yam,48,2022-02-15 09:45:25.000000 +00:00
58,Batman,97,2022-02-15 09:45:25.000000 +00:00
59,Batna,2,2022-02-15 09:45:25.000000 +00:00
60,Battambang,18,2022-02-15 09:45:25.000000 +00:00
61,Baybay,75,2022-02-15 09:45:25.000000 +00:00
62,Bayugan,75,2022-02-15 09:45:25.000000 +00:00
63,Bchar,2,2022-02-15 09:45:25.000000 +00:00
64,Beira,63,2022-02-15 09:45:25.000000 +00:00
65,Bellevue,103,2022-02-15 09:45:25.000000 +00:00
66,Belm,15,2022-02-15 09:45:25.000000 +00:00
67,Benguela,4,2022-02-15 09:45:25.000000 +00:00
68,Beni-Mellal,62,2022-02-15 09:45:25.000000 +00:00
69,Benin City,69,2022-02-15 09:45:25.000000 +00:00
70,Bergamo,49,2022-02-15 09:45:25.000000 +00:00
71,Berhampore (Baharampur),44,2022-02-15 09:45:25.000000 +00:00
72,Bern,91,2022-02-15 09:45:25.000000 +00:00
73,Bhavnagar,44,2022-02-15 09:45:25.000000 +00:00
74,Bhilwara,44,2022-02-15 09:45:25.000000 +00:00
75,Bhimavaram,44,2022-02-15 09:45:25.000000 +00:00
76,Bhopal,44,2022-02-15 09:45:25.000000 +00:00
77,Bhusawal,44,2022-02-15 09:45:25.000000 +00:00
78,Bijapur,44,2022-02-15 09:45:25.000000 +00:00
79,Bilbays,29,2022-02-15 09:45:25.000000 +00:00
80,Binzhou,23,2022-02-15 09:45:25.000000 +00:00
81,Birgunj,66,2022-02-15 09:45:25.000000 +00:00
82,Bislig,75,2022-02-15 09:45:25.000000 +00:00
83,Blumenau,15,2022-02-15 09:45:25.000000 +00:00
84,Boa Vista,15,2022-02-15 09:45:25.000000 +00:00
85,Boksburg,85,2022-02-15 09:45:25.000000 +00:00
86,Botosani,78,2022-02-15 09:45:25.000000 +00:00
87,Botshabelo,85,2022-02-15 09:45:25.000000 +00:00
88,Bradford,102,2022-02-15 09:45:25.000000 +00:00
89,Braslia,15,2022-02-15 09:45:25.000000 +00:00
90,Bratislava,84,2022-02-15 09:45:25.000000 +00:00
91,Brescia,49,2022-02-15 09:45:25.000000 +00:00
92,Brest,34,2022-02-15 09:45:25.000000 +00:00
93,Brindisi,49,2022-02-15 09:45:25.000000 +00:00
94,Brockton,103,2022-02-15 09:45:25.000000 +00:00
95,Bucuresti,78,2022-02-15 09:45:25.000000 +00:00
96,Buenaventura,24,2022-02-15 09:45:25.000000 +00:00
97,Bydgoszcz,76,2022-02-15 09:45:25.000000 +00:00
98,Cabuyao,75,2022-02-15 09:45:25.000000 +00:00
99,Callao,74,2022-02-15 09:45:25.000000 +00:00
100,Cam Ranh,105,2022-02-15 09:45:25.000000 +00:00
101,Cape Coral,103,2022-02-15 09:45:25.000000 +00:00
102,Caracas,104,2022-02-15 09:45:25.000000 +00:00
103,Carmen,60,2022-02-15 09:45:25.000000 +00:00
104,Cavite,75,2022-02-15 09:45:25.000000 +00:00
105,Cayenne,35,2022-02-15 09:45:25.000000 +00:00
106,Celaya,60,2022-02-15 09:45:25.000000 +00:00
107,Chandrapur,44,2022-02-15 09:45:25.000000 +00:00
108,Changhwa,92,2022-02-15 09:45:25.000000 +00:00
109,Changzhou,23,2022-02-15 09:45:25.000000 +00:00
110,Chapra,44,2022-02-15 09:45:25.000000 +00:00
111,Charlotte Amalie,106,2022-02-15 09:45:25.000000 +00:00
112,Chatsworth,85,2022-02-15 09:45:25.000000 +00:00
113,Cheju,86,2022-02-15 09:45:25.000000 +00:00
114,Chiayi,92,2022-02-15 09:45:25.000000 +00:00
115,Chisinau,61,2022-02-15 09:45:25.000000 +00:00
116,Chungho,92,2022-02-15 09:45:25.000000 +00:00
117,Cianjur,45,2022-02-15 09:45:25.000000 +00:00
118,Ciomas,45,2022-02-15 09:45:25.000000 +00:00
119,Ciparay,45,2022-02-15 09:45:25.000000 +00:00
120,Citrus Heights,103,2022-02-15 09:45:25.000000 +00:00
121,Citt del Vaticano,41,2022-02-15 09:45:25.000000 +00:00
122,Ciudad del Este,73,2022-02-15 09:45:25.000000 +00:00
123,Clarksville,103,2022-02-15 09:45:25.000000 +00:00
124,Coacalco de Berriozbal,60,2022-02-15 09:45:25.000000 +00:00
125,Coatzacoalcos,60,2022-02-15 09:45:25.000000 +00:00
126,Compton,103,2022-02-15 09:45:25.000000 +00:00
127,Coquimbo,22,2022-02-15 09:45:25.000000 +00:00
128,Crdoba,6,2022-02-15 09:45:25.000000 +00:00
129,Cuauhtmoc,60,2022-02-15 09:45:25.000000 +00:00
130,Cuautla,60,2022-02-15 09:45:25.000000 +00:00
131,Cuernavaca,60,2022-02-15 09:45:25.000000 +00:00
132,Cuman,104,2022-02-15 09:45:25.000000 +00:00
133,Czestochowa,76,2022-02-15 09:45:25.000000 +00:00
134,Dadu,72,2022-02-15 09:45:25.000000 +00:00
135,Dallas,103,2022-02-15 09:45:25.000000 +00:00
136,Datong,23,2022-02-15 09:45:25.000000 +00:00
137,Daugavpils,54,2022-02-15 09:45:25.000000 +00:00
138,Davao,75,2022-02-15 09:45:25.000000 +00:00
139,Daxian,23,2022-02-15 09:45:25.000000 +00:00
140,Dayton,103,2022-02-15 09:45:25.000000 +00:00
141,Deba Habe,69,2022-02-15 09:45:25.000000 +00:00
142,Denizli,97,2022-02-15 09:45:25.000000 +00:00
143,Dhaka,12,2022-02-15 09:45:25.000000 +00:00
144,Dhule (Dhulia),44,2022-02-15 09:45:25.000000 +00:00
145,Dongying,23,2022-02-15 09:45:25.000000 +00:00
146,Donostia-San Sebastin,87,2022-02-15 09:45:25.000000 +00:00
147,Dos Quebradas,24,2022-02-15 09:45:25.000000 +00:00
148,Duisburg,38,2022-02-15 09:45:25.000000 +00:00
149,Dundee,102,2022-02-15 09:45:25.000000 +00:00
150,Dzerzinsk,80,2022-02-15 09:45:25.000000 +00:00
151,Ede,67,2022-02-15 09:45:25.000000 +00:00
152,Effon-Alaiye,69,2022-02-15 09:45:25.000000 +00:00
153,El Alto,14,2022-02-15 09:45:25.000000 +00:00
154,El Fuerte,60,2022-02-15 09:45:25.000000 +00:00
155,El Monte,103,2022-02-15 09:45:25.000000 +00:00
156,Elista,80,2022-02-15 09:45:25.000000 +00:00
157,Emeishan,23,2022-02-15 09:45:25.000000 +00:00
158,Emmen,67,2022-02-15 09:45:25.000000 +00:00
159,Enshi,23,2022-02-15 09:45:25.000000 +00:00
160,Erlangen,38,2022-02-15 09:45:25.000000 +00:00
161,Escobar,6,2022-02-15 09:45:25.000000 +00:00
162,Esfahan,46,2022-02-15 09:45:25.000000 +00:00
163,Eskisehir,97,2022-02-15 09:45:25.000000 +00:00
164,Etawah,44,2022-02-15 09:45:25.000000 +00:00
165,Ezeiza,6,2022-02-15 09:45:25.000000 +00:00
166,Ezhou,23,2022-02-15 09:45:25.000000 +00:00
167,Faaa,36,2022-02-15 09:45:25.000000 +00:00
168,Fengshan,92,2022-02-15 09:45:25.000000 +00:00
169,Firozabad,44,2022-02-15 09:45:25.000000 +00:00
170,Florencia,24,2022-02-15 09:45:25.000000 +00:00
171,Fontana,103,2022-02-15 09:45:25.000000 +00:00
172,Fukuyama,50,2022-02-15 09:45:25.000000 +00:00
173,Funafuti,99,2022-02-15 09:45:25.000000 +00:00
174,Fuyu,23,2022-02-15 09:45:25.000000 +00:00
175,Fuzhou,23,2022-02-15 09:45:25.000000 +00:00
176,Gandhinagar,44,2022-02-15 09:45:25.000000 +00:00
177,Garden Grove,103,2022-02-15 09:45:25.000000 +00:00
178,Garland,103,2022-02-15 09:45:25.000000 +00:00
179,Gatineau,20,2022-02-15 09:45:25.000000 +00:00
180,Gaziantep,97,2022-02-15 09:45:25.000000 +00:00
181,Gijn,87,2022-02-15 09:45:25.000000 +00:00
182,Gingoog,75,2022-02-15 09:45:25.000000 +00:00
183,Goinia,15,2022-02-15 09:45:25.000000 +00:00
184,Gorontalo,45,2022-02-15 09:45:25.000000 +00:00
185,Grand Prairie,103,2022-02-15 09:45:25.000000 +00:00
186,Graz,9,2022-02-15 09:45:25.000000 +00:00
187,Greensboro,103,2022-02-15 09:45:25.000000 +00:00
188,Guadalajara,60,2022-02-15 09:45:25.000000 +00:00
189,Guaruj,15,2022-02-15 09:45:25.000000 +00:00
190,guas Lindas de Gois,15,2022-02-15 09:45:25.000000 +00:00
191,Gulbarga,44,2022-02-15 09:45:25.000000 +00:00
192,Hagonoy,75,2022-02-15 09:45:25.000000 +00:00
193,Haining,23,2022-02-15 09:45:25.000000 +00:00
194,Haiphong,105,2022-02-15 09:45:25.000000 +00:00
195,Haldia,44,2022-02-15 09:45:25.000000 +00:00
196,Halifax,20,2022-02-15 09:45:25.000000 +00:00
197,Halisahar,44,2022-02-15 09:45:25.000000 +00:00
198,Halle/Saale,38,2022-02-15 09:45:25.000000 +00:00
199,Hami,23,2022-02-15 09:45:25.000000 +00:00
200,Hamilton,68,2022-02-15 09:45:25.000000 +00:00
201,Hanoi,105,2022-02-15 09:45:25.000000 +00:00
202,Hidalgo,60,2022-02-15 09:45:25.000000 +00:00
203,Higashiosaka,50,2022-02-15 09:45:25.000000 +00:00
204,Hino,50,2022-02-15 09:45:25.000000 +00:00
205,Hiroshima,50,2022-02-15 09:45:25.000000 +00:00
206,Hodeida,107,2022-02-15 09:45:25.000000 +00:00
207,Hohhot,23,2022-02-15 09:45:25.000000 +00:00
208,Hoshiarpur,44,2022-02-15 09:45:25.000000 +00:00
209,Hsichuh,92,2022-02-15 09:45:25.000000 +00:00
210,Huaian,23,2022-02-15 09:45:25.000000 +00:00
211,Hubli-Dharwad,44,2022-02-15 09:45:25.000000 +00:00
212,Huejutla de Reyes,60,2022-02-15 09:45:25.000000 +00:00
213,Huixquilucan,60,2022-02-15 09:45:25.000000 +00:00
214,Hunuco,74,2022-02-15 09:45:25.000000 +00:00
215,Ibirit,15,2022-02-15 09:45:25.000000 +00:00
216,Idfu,29,2022-02-15 09:45:25.000000 +00:00
217,Ife,69,2022-02-15 09:45:25.000000 +00:00
218,Ikerre,69,2022-02-15 09:45:25.000000 +00:00
219,Iligan,75,2022-02-15 09:45:25.000000 +00:00
220,Ilorin,69,2022-02-15 09:45:25.000000 +00:00
221,Imus,75,2022-02-15 09:45:25.000000 +00:00
222,Inegl,97,2022-02-15 09:45:25.000000 +00:00
223,Ipoh,59,2022-02-15 09:45:25.000000 +00:00
224,Isesaki,50,2022-02-15 09:45:25.000000 +00:00
225,Ivanovo,80,2022-02-15 09:45:25.000000 +00:00
226,Iwaki,50,2022-02-15 09:45:25.000000 +00:00
227,Iwakuni,50,2022-02-15 09:45:25.000000 +00:00
228,Iwatsuki,50,2022-02-15 09:45:25.000000 +00:00
229,Izumisano,50,2022-02-15 09:45:25.000000 +00:00
230,Jaffna,88,2022-02-15 09:45:25.000000 +00:00
231,Jaipur,44,2022-02-15 09:45:25.000000 +00:00
232,Jakarta,45,2022-02-15 09:45:25.000000 +00:00
233,Jalib al-Shuyukh,53,2022-02-15 09:45:25.000000 +00:00
234,Jamalpur,12,2022-02-15 09:45:25.000000 +00:00
235,Jaroslavl,80,2022-02-15 09:45:25.000000 +00:00
236,Jastrzebie-Zdrj,76,2022-02-15 09:45:25.000000 +00:00
237,Jedda,82,2022-02-15 09:45:25.000000 +00:00
238,Jelets,80,2022-02-15 09:45:25.000000 +00:00
239,Jhansi,44,2022-02-15 09:45:25.000000 +00:00
240,Jinchang,23,2022-02-15 09:45:25.000000 +00:00
241,Jining,23,2022-02-15 09:45:25.000000 +00:00
242,Jinzhou,23,2022-02-15 09:45:25.000000 +00:00
243,Jodhpur,44,2022-02-15 09:45:25.000000 +00:00
244,Johannesburg,85,2022-02-15 09:45:25.000000 +00:00
245,Joliet,103,2022-02-15 09:45:25.000000 +00:00
246,Jos Azueta,60,2022-02-15 09:45:25.000000 +00:00
247,Juazeiro do Norte,15,2022-02-15 09:45:25.000000 +00:00
248,Juiz de Fora,15,2022-02-15 09:45:25.000000 +00:00
249,Junan,23,2022-02-15 09:45:25.000000 +00:00
250,Jurez,60,2022-02-15 09:45:25.000000 +00:00
251,Kabul,1,2022-02-15 09:45:25.000000 +00:00
252,Kaduna,69,2022-02-15 09:45:25.000000 +00:00
253,Kakamigahara,50,2022-02-15 09:45:25.000000 +00:00
254,Kaliningrad,80,2022-02-15 09:45:25.000000 +00:00
255,Kalisz,76,2022-02-15 09:45:25.000000 +00:00
256,Kamakura,50,2022-02-15 09:45:25.000000 +00:00
257,Kamarhati,44,2022-02-15 09:45:25.000000 +00:00
258,Kamjanets-Podilskyi,100,2022-02-15 09:45:25.000000 +00:00
259,Kamyin,80,2022-02-15 09:45:25.000000 +00:00
260,Kanazawa,50,2022-02-15 09:45:25.000000 +00:00
261,Kanchrapara,44,2022-02-15 09:45:25.000000 +00:00
262,Kansas City,103,2022-02-15 09:45:25.000000 +00:00
263,Karnal,44,2022-02-15 09:45:25.000000 +00:00
264,Katihar,44,2022-02-15 09:45:25.000000 +00:00
265,Kermanshah,46,2022-02-15 09:45:25.000000 +00:00
266,Kilis,97,2022-02-15 09:45:25.000000 +00:00
267,Kimberley,85,2022-02-15 09:45:25.000000 +00:00
268,Kimchon,86,2022-02-15 09:45:25.000000 +00:00
269,Kingstown,81,2022-02-15 09:45:25.000000 +00:00
270,Kirovo-Tepetsk,80,2022-02-15 09:45:25.000000 +00:00
271,Kisumu,52,2022-02-15 09:45:25.000000 +00:00
272,Kitwe,109,2022-02-15 09:45:25.000000 +00:00
273,Klerksdorp,85,2022-02-15 09:45:25.000000 +00:00
274,Kolpino,80,2022-02-15 09:45:25.000000 +00:00
275,Konotop,100,2022-02-15 09:45:25.000000 +00:00
276,Koriyama,50,2022-02-15 09:45:25.000000 +00:00
277,Korla,23,2022-02-15 09:45:25.000000 +00:00
278,Korolev,80,2022-02-15 09:45:25.000000 +00:00
279,Kowloon and New Kowloon,42,2022-02-15 09:45:25.000000 +00:00
280,Kragujevac,108,2022-02-15 09:45:25.000000 +00:00
281,Ktahya,97,2022-02-15 09:45:25.000000 +00:00
282,Kuching,59,2022-02-15 09:45:25.000000 +00:00
283,Kumbakonam,44,2022-02-15 09:45:25.000000 +00:00
284,Kurashiki,50,2022-02-15 09:45:25.000000 +00:00
285,Kurgan,80,2022-02-15 09:45:25.000000 +00:00
286,Kursk,80,2022-02-15 09:45:25.000000 +00:00
287,Kuwana,50,2022-02-15 09:45:25.000000 +00:00
288,La Paz,60,2022-02-15 09:45:25.000000 +00:00
289,La Plata,6,2022-02-15 09:45:25.000000 +00:00
290,La Romana,27,2022-02-15 09:45:25.000000 +00:00
291,Laiwu,23,2022-02-15 09:45:25.000000 +00:00
292,Lancaster,103,2022-02-15 09:45:25.000000 +00:00
293,Laohekou,23,2022-02-15 09:45:25.000000 +00:00
294,Lapu-Lapu,75,2022-02-15 09:45:25.000000 +00:00
295,Laredo,103,2022-02-15 09:45:25.000000 +00:00
296,Lausanne,91,2022-02-15 09:45:25.000000 +00:00
297,Le Mans,34,2022-02-15 09:45:25.000000 +00:00
298,Lengshuijiang,23,2022-02-15 09:45:25.000000 +00:00
299,Leshan,23,2022-02-15 09:45:25.000000 +00:00
300,Lethbridge,20,2022-02-15 09:45:25.000000 +00:00
301,Lhokseumawe,45,2022-02-15 09:45:25.000000 +00:00
302,Liaocheng,23,2022-02-15 09:45:25.000000 +00:00
303,Liepaja,54,2022-02-15 09:45:25.000000 +00:00
304,Lilongwe,58,2022-02-15 09:45:25.000000 +00:00
305,Lima,74,2022-02-15 09:45:25.000000 +00:00
306,Lincoln,103,2022-02-15 09:45:25.000000 +00:00
307,Linz,9,2022-02-15 09:45:25.000000 +00:00
308,Lipetsk,80,2022-02-15 09:45:25.000000 +00:00
309,Livorno,49,2022-02-15 09:45:25.000000 +00:00
310,Ljubertsy,80,2022-02-15 09:45:25.000000 +00:00
311,Loja,28,2022-02-15 09:45:25.000000 +00:00
312,London,102,2022-02-15 09:45:25.000000 +00:00
313,London,20,2022-02-15 09:45:25.000000 +00:00
314,Lublin,76,2022-02-15 09:45:25.000000 +00:00
315,Lubumbashi,25,2022-02-15 09:45:25.000000 +00:00
316,Lungtan,92,2022-02-15 09:45:25.000000 +00:00
317,Luzinia,15,2022-02-15 09:45:25.000000 +00:00
318,Madiun,45,2022-02-15 09:45:25.000000 +00:00
319,Mahajanga,57,2022-02-15 09:45:25.000000 +00:00
320,Maikop,80,2022-02-15 09:45:25.000000 +00:00
321,Malm,90,2022-02-15 09:45:25.000000 +00:00
322,Manchester,103,2022-02-15 09:45:25.000000 +00:00
323,Mandaluyong,75,2022-02-15 09:45:25.000000 +00:00
324,Mandi Bahauddin,72,2022-02-15 09:45:25.000000 +00:00
325,Mannheim,38,2022-02-15 09:45:25.000000 +00:00
326,Maracabo,104,2022-02-15 09:45:25.000000 +00:00
327,Mardan,72,2022-02-15 09:45:25.000000 +00:00
328,Maring,15,2022-02-15 09:45:25.000000 +00:00
329,Masqat,71,2022-02-15 09:45:25.000000 +00:00
330,Matamoros,60,2022-02-15 09:45:25.000000 +00:00
331,Matsue,50,2022-02-15 09:45:25.000000 +00:00
332,Meixian,23,2022-02-15 09:45:25.000000 +00:00
333,Memphis,103,2022-02-15 09:45:25.000000 +00:00
334,Merlo,6,2022-02-15 09:45:25.000000 +00:00
335,Mexicali,60,2022-02-15 09:45:25.000000 +00:00
336,Miraj,44,2022-02-15 09:45:25.000000 +00:00
337,Mit Ghamr,29,2022-02-15 09:45:25.000000 +00:00
338,Miyakonojo,50,2022-02-15 09:45:25.000000 +00:00
339,Mogiljov,13,2022-02-15 09:45:25.000000 +00:00
340,Molodetno,13,2022-02-15 09:45:25.000000 +00:00
341,Monclova,60,2022-02-15 09:45:25.000000 +00:00
342,Monywa,64,2022-02-15 09:45:25.000000 +00:00
343,Moscow,80,2022-02-15 09:45:25.000000 +00:00
344,Mosul,47,2022-02-15 09:45:25.000000 +00:00
345,Mukateve,100,2022-02-15 09:45:25.000000 +00:00
346,Munger (Monghyr),44,2022-02-15 09:45:25.000000 +00:00
347,Mwanza,93,2022-02-15 09:45:25.000000 +00:00
348,Mwene-Ditu,25,2022-02-15 09:45:25.000000 +00:00
349,Myingyan,64,2022-02-15 09:45:25.000000 +00:00
350,Mysore,44,2022-02-15 09:45:25.000000 +00:00
351,Naala-Porto,63,2022-02-15 09:45:25.000000 +00:00
352,Nabereznyje Telny,80,2022-02-15 09:45:25.000000 +00:00
353,Nador,62,2022-02-15 09:45:25.000000 +00:00
354,Nagaon,44,2022-02-15 09:45:25.000000 +00:00
355,Nagareyama,50,2022-02-15 09:45:25.000000 +00:00
356,Najafabad,46,2022-02-15 09:45:25.000000 +00:00
357,Naju,86,2022-02-15 09:45:25.000000 +00:00
358,Nakhon Sawan,94,2022-02-15 09:45:25.000000 +00:00
359,Nam Dinh,105,2022-02-15 09:45:25.000000 +00:00
360,Namibe,4,2022-02-15 09:45:25.000000 +00:00
361,Nantou,92,2022-02-15 09:45:25.000000 +00:00
362,Nanyang,23,2022-02-15 09:45:25.000000 +00:00
363,NDjamna,21,2022-02-15 09:45:25.000000 +00:00
364,Newcastle,85,2022-02-15 09:45:25.000000 +00:00
365,Nezahualcyotl,60,2022-02-15 09:45:25.000000 +00:00
366,Nha Trang,105,2022-02-15 09:45:25.000000 +00:00
367,Niznekamsk,80,2022-02-15 09:45:25.000000 +00:00
368,Novi Sad,108,2022-02-15 09:45:25.000000 +00:00
369,Novoterkassk,80,2022-02-15 09:45:25.000000 +00:00
370,Nukualofa,95,2022-02-15 09:45:25.000000 +00:00
371,Nuuk,40,2022-02-15 09:45:25.000000 +00:00
372,Nyeri,52,2022-02-15 09:45:25.000000 +00:00
373,Ocumare del Tuy,104,2022-02-15 09:45:25.000000 +00:00
374,Ogbomosho,69,2022-02-15 09:45:25.000000 +00:00
375,Okara,72,2022-02-15 09:45:25.000000 +00:00
376,Okayama,50,2022-02-15 09:45:25.000000 +00:00
377,Okinawa,50,2022-02-15 09:45:25.000000 +00:00
378,Olomouc,26,2022-02-15 09:45:25.000000 +00:00
379,Omdurman,89,2022-02-15 09:45:25.000000 +00:00
380,Omiya,50,2022-02-15 09:45:25.000000 +00:00
381,Ondo,69,2022-02-15 09:45:25.000000 +00:00
382,Onomichi,50,2022-02-15 09:45:25.000000 +00:00
383,Oshawa,20,2022-02-15 09:45:25.000000 +00:00
384,Osmaniye,97,2022-02-15 09:45:25.000000 +00:00
385,ostka,100,2022-02-15 09:45:25.000000 +00:00
386,Otsu,50,2022-02-15 09:45:25.000000 +00:00
387,Oulu,33,2022-02-15 09:45:25.000000 +00:00
388,Ourense (Orense),87,2022-02-15 09:45:25.000000 +00:00
389,Owo,69,2022-02-15 09:45:25.000000 +00:00
390,Oyo,69,2022-02-15 09:45:25.000000 +00:00
391,Ozamis,75,2022-02-15 09:45:25.000000 +00:00
392,Paarl,85,2022-02-15 09:45:25.000000 +00:00
393,Pachuca de Soto,60,2022-02-15 09:45:25.000000 +00:00
394,Pak Kret,94,2022-02-15 09:45:25.000000 +00:00
395,Palghat (Palakkad),44,2022-02-15 09:45:25.000000 +00:00
396,Pangkal Pinang,45,2022-02-15 09:45:25.000000 +00:00
397,Papeete,36,2022-02-15 09:45:25.000000 +00:00
398,Parbhani,44,2022-02-15 09:45:25.000000 +00:00
399,Pathankot,44,2022-02-15 09:45:25.000000 +00:00
400,Patiala,44,2022-02-15 09:45:25.000000 +00:00
401,Patras,39,2022-02-15 09:45:25.000000 +00:00
402,Pavlodar,51,2022-02-15 09:45:25.000000 +00:00
403,Pemalang,45,2022-02-15 09:45:25.000000 +00:00
404,Peoria,103,2022-02-15 09:45:25.000000 +00:00
405,Pereira,24,2022-02-15 09:45:25.000000 +00:00
406,Phnom Penh,18,2022-02-15 09:45:25.000000 +00:00
407,Pingxiang,23,2022-02-15 09:45:25.000000 +00:00
408,Pjatigorsk,80,2022-02-15 09:45:25.000000 +00:00
409,Plock,76,2022-02-15 09:45:25.000000 +00:00
410,Po,15,2022-02-15 09:45:25.000000 +00:00
411,Ponce,77,2022-02-15 09:45:25.000000 +00:00
412,Pontianak,45,2022-02-15 09:45:25.000000 +00:00
413,Poos de Caldas,15,2022-02-15 09:45:25.000000 +00:00
414,Portoviejo,28,2022-02-15 09:45:25.000000 +00:00
415,Probolinggo,45,2022-02-15 09:45:25.000000 +00:00
416,Pudukkottai,44,2022-02-15 09:45:25.000000 +00:00
417,Pune,44,2022-02-15 09:45:25.000000 +00:00
418,Purnea (Purnia),44,2022-02-15 09:45:25.000000 +00:00
419,Purwakarta,45,2022-02-15 09:45:25.000000 +00:00
420,Pyongyang,70,2022-02-15 09:45:25.000000 +00:00
421,Qalyub,29,2022-02-15 09:45:25.000000 +00:00
422,Qinhuangdao,23,2022-02-15 09:45:25.000000 +00:00
423,Qomsheh,46,2022-02-15 09:45:25.000000 +00:00
424,Quilmes,6,2022-02-15 09:45:25.000000 +00:00
425,Rae Bareli,44,2022-02-15 09:45:25.000000 +00:00
426,Rajkot,44,2022-02-15 09:45:25.000000 +00:00
427,Rampur,44,2022-02-15 09:45:25.000000 +00:00
428,Rancagua,22,2022-02-15 09:45:25.000000 +00:00
429,Ranchi,44,2022-02-15 09:45:25.000000 +00:00
430,Richmond Hill,20,2022-02-15 09:45:25.000000 +00:00
431,Rio Claro,15,2022-02-15 09:45:25.000000 +00:00
432,Rizhao,23,2022-02-15 09:45:25.000000 +00:00
433,Roanoke,103,2022-02-15 09:45:25.000000 +00:00
434,Robamba,28,2022-02-15 09:45:25.000000 +00:00
435,Rockford,103,2022-02-15 09:45:25.000000 +00:00
436,Ruse,17,2022-02-15 09:45:25.000000 +00:00
437,Rustenburg,85,2022-02-15 09:45:25.000000 +00:00
438,s-Hertogenbosch,67,2022-02-15 09:45:25.000000 +00:00
439,Saarbrcken,38,2022-02-15 09:45:25.000000 +00:00
440,Sagamihara,50,2022-02-15 09:45:25.000000 +00:00
441,Saint Louis,103,2022-02-15 09:45:25.000000 +00:00
442,Saint-Denis,79,2022-02-15 09:45:25.000000 +00:00
443,Sal,62,2022-02-15 09:45:25.000000 +00:00
444,Salala,71,2022-02-15 09:45:25.000000 +00:00
445,Salamanca,60,2022-02-15 09:45:25.000000 +00:00
446,Salinas,103,2022-02-15 09:45:25.000000 +00:00
447,Salzburg,9,2022-02-15 09:45:25.000000 +00:00
448,Sambhal,44,2022-02-15 09:45:25.000000 +00:00
449,San Bernardino,103,2022-02-15 09:45:25.000000 +00:00
450,San Felipe de Puerto Plata,27,2022-02-15 09:45:25.000000 +00:00
451,San Felipe del Progreso,60,2022-02-15 09:45:25.000000 +00:00
452,San Juan Bautista Tuxtepec,60,2022-02-15 09:45:25.000000 +00:00
453,San Lorenzo,73,2022-02-15 09:45:25.000000 +00:00
454,San Miguel de Tucumn,6,2022-02-15 09:45:25.000000 +00:00
455,Sanaa,107,2022-02-15 09:45:25.000000 +00:00
456,Santa Brbara dOeste,15,2022-02-15 09:45:25.000000 +00:00
457,Santa F,6,2022-02-15 09:45:25.000000 +00:00
458,Santa Rosa,75,2022-02-15 09:45:25.000000 +00:00
459,Santiago de Compostela,87,2022-02-15 09:45:25.000000 +00:00
460,Santiago de los Caballeros,27,2022-02-15 09:45:25.000000 +00:00
461,Santo Andr,15,2022-02-15 09:45:25.000000 +00:00
462,Sanya,23,2022-02-15 09:45:25.000000 +00:00
463,Sasebo,50,2022-02-15 09:45:25.000000 +00:00
464,Satna,44,2022-02-15 09:45:25.000000 +00:00
465,Sawhaj,29,2022-02-15 09:45:25.000000 +00:00
466,Serpuhov,80,2022-02-15 09:45:25.000000 +00:00
467,Shahr-e Kord,46,2022-02-15 09:45:25.000000 +00:00
468,Shanwei,23,2022-02-15 09:45:25.000000 +00:00
469,Shaoguan,23,2022-02-15 09:45:25.000000 +00:00
470,Sharja,101,2022-02-15 09:45:25.000000 +00:00
471,Shenzhen,23,2022-02-15 09:45:25.000000 +00:00
472,Shikarpur,72,2022-02-15 09:45:25.000000 +00:00
473,Shimoga,44,2022-02-15 09:45:25.000000 +00:00
474,Shimonoseki,50,2022-02-15 09:45:25.000000 +00:00
475,Shivapuri,44,2022-02-15 09:45:25.000000 +00:00
476,Shubra al-Khayma,29,2022-02-15 09:45:25.000000 +00:00
477,Siegen,38,2022-02-15 09:45:25.000000 +00:00
478,Siliguri (Shiliguri),44,2022-02-15 09:45:25.000000 +00:00
479,Simferopol,100,2022-02-15 09:45:25.000000 +00:00
480,Sincelejo,24,2022-02-15 09:45:25.000000 +00:00
481,Sirjan,46,2022-02-15 09:45:25.000000 +00:00
482,Sivas,97,2022-02-15 09:45:25.000000 +00:00
483,Skikda,2,2022-02-15 09:45:25.000000 +00:00
484,Smolensk,80,2022-02-15 09:45:25.000000 +00:00
485,So Bernardo do Campo,15,2022-02-15 09:45:25.000000 +00:00
486,So Leopoldo,15,2022-02-15 09:45:25.000000 +00:00
487,Sogamoso,24,2022-02-15 09:45:25.000000 +00:00
488,Sokoto,69,2022-02-15 09:45:25.000000 +00:00
489,Songkhla,94,2022-02-15 09:45:25.000000 +00:00
490,Sorocaba,15,2022-02-15 09:45:25.000000 +00:00
491,Soshanguve,85,2022-02-15 09:45:25.000000 +00:00
492,Sousse,96,2022-02-15 09:45:25.000000 +00:00
493,South Hill,5,2022-02-15 09:45:25.000000 +00:00
494,Southampton,102,2022-02-15 09:45:25.000000 +00:00
495,Southend-on-Sea,102,2022-02-15 09:45:25.000000 +00:00
496,Southport,102,2022-02-15 09:45:25.000000 +00:00
497,Springs,85,2022-02-15 09:45:25.000000 +00:00
498,Stara Zagora,17,2022-02-15 09:45:25.000000 +00:00
499,Sterling Heights,103,2022-02-15 09:45:25.000000 +00:00
500,Stockport,102,2022-02-15 09:45:25.000000 +00:00
501,Sucre,14,2022-02-15 09:45:25.000000 +00:00
502,Suihua,23,2022-02-15 09:45:25.000000 +00:00
503,Sullana,74,2022-02-15 09:45:25.000000 +00:00
504,Sultanbeyli,97,2022-02-15 09:45:25.000000 +00:00
505,Sumqayit,10,2022-02-15 09:45:25.000000 +00:00
506,Sumy,100,2022-02-15 09:45:25.000000 +00:00
507,Sungai Petani,59,2022-02-15 09:45:25.000000 +00:00
508,Sunnyvale,103,2022-02-15 09:45:25.000000 +00:00
509,Surakarta,45,2022-02-15 09:45:25.000000 +00:00
510,Syktyvkar,80,2022-02-15 09:45:25.000000 +00:00
511,Syrakusa,49,2022-02-15 09:45:25.000000 +00:00
512,Szkesfehrvr,43,2022-02-15 09:45:25.000000 +00:00
513,Tabora,93,2022-02-15 09:45:25.000000 +00:00
514,Tabriz,46,2022-02-15 09:45:25.000000 +00:00
515,Tabuk,82,2022-02-15 09:45:25.000000 +00:00
516,Tafuna,3,2022-02-15 09:45:25.000000 +00:00
517,Taguig,75,2022-02-15 09:45:25.000000 +00:00
518,Taizz,107,2022-02-15 09:45:25.000000 +00:00
519,Talavera,75,2022-02-15 09:45:25.000000 +00:00
520,Tallahassee,103,2022-02-15 09:45:25.000000 +00:00
521,Tama,50,2022-02-15 09:45:25.000000 +00:00
522,Tambaram,44,2022-02-15 09:45:25.000000 +00:00
523,Tanauan,75,2022-02-15 09:45:25.000000 +00:00
524,Tandil,6,2022-02-15 09:45:25.000000 +00:00
525,Tangail,12,2022-02-15 09:45:25.000000 +00:00
526,Tanshui,92,2022-02-15 09:45:25.000000 +00:00
527,Tanza,75,2022-02-15 09:45:25.000000 +00:00
528,Tarlac,75,2022-02-15 09:45:25.000000 +00:00
529,Tarsus,97,2022-02-15 09:45:25.000000 +00:00
530,Tartu,30,2022-02-15 09:45:25.000000 +00:00
531,Teboksary,80,2022-02-15 09:45:25.000000 +00:00
532,Tegal,45,2022-02-15 09:45:25.000000 +00:00
533,Tel Aviv-Jaffa,48,2022-02-15 09:45:25.000000 +00:00
534,Tete,63,2022-02-15 09:45:25.000000 +00:00
535,Tianjin,23,2022-02-15 09:45:25.000000 +00:00
536,Tiefa,23,2022-02-15 09:45:25.000000 +00:00
537,Tieli,23,2022-02-15 09:45:25.000000 +00:00
538,Tokat,97,2022-02-15 09:45:25.000000 +00:00
539,Tonghae,86,2022-02-15 09:45:25.000000 +00:00
540,Tongliao,23,2022-02-15 09:45:25.000000 +00:00
541,Torren,60,2022-02-15 09:45:25.000000 +00:00
542,Touliu,92,2022-02-15 09:45:25.000000 +00:00
543,Toulon,34,2022-02-15 09:45:25.000000 +00:00
544,Toulouse,34,2022-02-15 09:45:25.000000 +00:00
545,Trshavn,32,2022-02-15 09:45:25.000000 +00:00
546,Tsaotun,92,2022-02-15 09:45:25.000000 +00:00
547,Tsuyama,50,2022-02-15 09:45:25.000000 +00:00
548,Tuguegarao,75,2022-02-15 09:45:25.000000 +00:00
549,Tychy,76,2022-02-15 09:45:25.000000 +00:00
550,Udaipur,44,2022-02-15 09:45:25.000000 +00:00
551,Udine,49,2022-02-15 09:45:25.000000 +00:00
552,Ueda,50,2022-02-15 09:45:25.000000 +00:00
553,Uijongbu,86,2022-02-15 09:45:25.000000 +00:00
554,Uluberia,44,2022-02-15 09:45:25.000000 +00:00
555,Urawa,50,2022-02-15 09:45:25.000000 +00:00
556,Uruapan,60,2022-02-15 09:45:25.000000 +00:00
557,Usak,97,2022-02-15 09:45:25.000000 +00:00
558,Usolje-Sibirskoje,80,2022-02-15 09:45:25.000000 +00:00
559,Uttarpara-Kotrung,44,2022-02-15 09:45:25.000000 +00:00
560,Vaduz,55,2022-02-15 09:45:25.000000 +00:00
561,Valencia,104,2022-02-15 09:45:25.000000 +00:00
562,Valle de la Pascua,104,2022-02-15 09:45:25.000000 +00:00
563,Valle de Santiago,60,2022-02-15 09:45:25.000000 +00:00
564,Valparai,44,2022-02-15 09:45:25.000000 +00:00
565,Vancouver,20,2022-02-15 09:45:25.000000 +00:00
566,Varanasi (Benares),44,2022-02-15 09:45:25.000000 +00:00
567,Vicente Lpez,6,2022-02-15 09:45:25.000000 +00:00
568,Vijayawada,44,2022-02-15 09:45:25.000000 +00:00
569,Vila Velha,15,2022-02-15 09:45:25.000000 +00:00
570,Vilnius,56,2022-02-15 09:45:25.000000 +00:00
571,Vinh,105,2022-02-15 09:45:25.000000 +00:00
572,Vitria de Santo Anto,15,2022-02-15 09:45:25.000000 +00:00
573,Warren,103,2022-02-15 09:45:25.000000 +00:00
574,Weifang,23,2022-02-15 09:45:25.000000 +00:00
575,Witten,38,2022-02-15 09:45:25.000000 +00:00
576,Woodridge,8,2022-02-15 09:45:25.000000 +00:00
577,Wroclaw,76,2022-02-15 09:45:25.000000 +00:00
578,Xiangfan,23,2022-02-15 09:45:25.000000 +00:00
579,Xiangtan,23,2022-02-15 09:45:25.000000 +00:00
580,Xintai,23,2022-02-15 09:45:25.000000 +00:00
581,Xinxiang,23,2022-02-15 09:45:25.000000 +00:00
582,Yamuna Nagar,44,2022-02-15 09:45:25.000000 +00:00
583,Yangor,65,2022-02-15 09:45:25.000000 +00:00
584,Yantai,23,2022-02-15 09:45:25.000000 +00:00
585,Yaound,19,2022-02-15 09:45:25.000000 +00:00
586,Yerevan,7,2022-02-15 09:45:25.000000 +00:00
587,Yinchuan,23,2022-02-15 09:45:25.000000 +00:00
588,Yingkou,23,2022-02-15 09:45:25.000000 +00:00
589,York,102,2022-02-15 09:45:25.000000 +00:00
590,Yuncheng,23,2022-02-15 09:45:25.000000 +00:00
591,Yuzhou,23,2022-02-15 09:45:25.000000 +00:00
592,Zalantun,23,2022-02-15 09:45:25.000000 +00:00
593,Zanzibar,93,2022-02-15 09:45:25.000000 +00:00
594,Zaoyang,23,2022-02-15 09:45:25.000000 +00:00
595,Zapopan,60,2022-02-15 09:45:25.000000 +00:00
596,Zaria,69,2022-02-15 09:45:25.000000 +00:00
597,Zeleznogorsk,80,2022-02-15 09:45:25.000000 +00:00
598,Zhezqazghan,51,2022-02-15 09:45:25.000000 +00:00
599,Zhoushan,23,2022-02-15 09:45:25.000000 +00:00
600,Ziguinchor,83,2022-02-15 09:45:25.000000 +00:00
